job_id,title,company,location,date_posted,url
4387132001,Senior Data Analyst - B2B,Preply,"Barcelona, Catalonia, Spain",2026-09-09,https://es.linkedin.com/jobs/view/senior-data-analyst-b2b-at-preply-4387132001
4451185545,Senior Data Analyst - FP&A,Preply,"Barcelona, Catalonia, Spain",2026-09-01,https://es.linkedin.com/jobs/view/senior-data-analyst-fp-a-at-preply-4451185545
4460620681,Senior Data Analyst – Performance Analytics & AI,Omya,"Barcelona, Catalonia, Spain",2026-09-01,https://es.linkedin.com/jobs/view/senior-data-analyst-%E2%80%93-performance-analytics-ai-at-omya-4460620681
4469949271,Financial Business Analyst (m/f/d),Allianz Technology,"Barcelona, Catalonia, Spain",2026-09-21,https://es.linkedin.com/jobs/view/financial-business-analyst-m-f-d-at-allianz-technology-4469949271
4465767283,Controller Data Analyst,Giesecke+Devrient,"El Prat de Llobregat, Catalonia, Spain",2026-09-14,https://es.linkedin.com/jobs/view/controller-data-analyst-at-giesecke%2Bdevrient-4465767283
4463633190,Senior Forecasting Analyst,Dexcom,"Barcelona, Catalonia, Spain",2026-09-10,https://es.linkedin.com/jobs/view/senior-forecasting-analyst-at-dexcom-4463633190
4461605300,Controller Data Analyst – Global Operations Controlling,Giesecke+Devrient,"El Prat de Llobregat, Catalonia, Spain",2026-09-03,https://es.linkedin.com/jobs/view/controller-data-analyst-%E2%80%93-global-operations-controlling-at-giesecke%2Bdevrient-4461605300
4426025978,Trading & Pricing Senior Analyst,eDreams ODIGEO,"Barcelona, Catalonia, Spain",2026-09-18,https://es.linkedin.com/jobs/view/trading-pricing-senior-analyst-at-edreams-odigeo-4426025978
4463998262,Senior Data Analyst,LittleBig Connection,"Barcelona, Catalonia, Spain",2026-09-11,https://es.linkedin.com/jobs/view/senior-data-analyst-at-littlebig-connection-4463998262
4458015717,Business Planning Analyst,Contentsquare,"Barcelona, Catalonia, Spain",2026-09-18,https://es.linkedin.com/jobs/view/business-planning-analyst-at-contentsquare-4458015717
4445483912,Business Insights Specialist,Hyperion Materials & Technologies,Greater Barcelona Metropolitan Area,2026-09-09,https://es.linkedin.com/jobs/view/business-insights-specialist-at-hyperion-materials-technologies-4445483912
4467284639,"Finance Manager, Pricing & Commercial Analytics - Europe, Remote",Cimpress,"Barcelona, Catalonia, Spain",2026-09-14,https://es.linkedin.com/jobs/view/finance-manager-pricing-commercial-analytics-europe-remote-at-cimpress-4467284639
4466270434,Responsable de Pricing,FRIGORIFICS FERRER S. A.U.,"Vic, Catalonia, Spain",2026-09-17,https://es.linkedin.com/jobs/view/responsable-de-pricing-at-frigorifics-ferrer-s-a-u-4466270434
4441622004,"Senior Data Scientist, Commerce Analytics & Insights",Criteo,"Barcelona, Catalonia, Spain",2026-09-20,https://es.linkedin.com/jobs/view/senior-data-scientist-commerce-analytics-insights-at-criteo-4441622004
4465257250,Manager - Pricing Strategy (ESI),ADP,"Barcelona, Catalonia, Spain",2026-09-14,https://es.linkedin.com/jobs/view/manager-pricing-strategy-esi-at-adp-4465257250
4461237130,Data Analyst,coches.net,"Barcelona, Catalonia, Spain",2026-08-31,https://es.linkedin.com/jobs/view/data-analyst-at-coches-net-4461237130
4427557481,CX Business Planning & Analytics Associate,Factorial,"Barcelona, Catalonia, Spain",2026-09-06,https://es.linkedin.com/jobs/view/cx-business-planning-analytics-associate-at-factorial-4427557481
4458084986,Business Controller,TOUS Jewelry,"Manresa, Catalonia, Spain",2026-08-28,https://es.linkedin.com/jobs/view/business-controller-at-tous-jewelry-4458084986
4396309207,Senior Data Analyst,BizAway,"Barcelona, Catalonia, Spain",2026-09-05,https://es.linkedin.com/jobs/view/senior-data-analyst-at-bizaway-4396309207
4419896204,Principal Data Analyst,Socialpoint,"Barcelona, Catalonia, Spain",2026-09-14,https://es.linkedin.com/jobs/view/principal-data-analyst-at-socialpoint-4419896204
4465901202,Senior Data Analyst,FYUL,"Barcelona, Catalonia, Spain",2026-09-15,https://es.linkedin.com/jobs/view/senior-data-analyst-at-fyul-4465901202
4447573761,Global Business Intelligence Senior Analyst,Arxada,"Barcelona, Catalonia, Spain",2026-09-13,https://es.linkedin.com/jobs/view/global-business-intelligence-senior-analyst-at-arxada-4447573761
4409335862,Data Science Associate,Metyis,"Barcelona, Catalonia, Spain",2026-09-10,https://es.linkedin.com/jobs/view/data-science-associate-at-metyis-4409335862
4458894209,Data Analyst,Groupe SEB,"Barcelona, Catalonia, Spain",2026-08-31,https://es.linkedin.com/jobs/view/data-analyst-at-groupe-seb-4458894209
4467207828,Senior Market Intelligence Analyst,coches.net,"Barcelona, Catalonia, Spain",2026-09-14,https://es.linkedin.com/jobs/view/senior-market-intelligence-analyst-at-coches-net-4467207828
4467497306,BI Analyst,Titan OS,"Barcelona, Catalonia, Spain",2026-09-15,https://es.linkedin.com/jobs/view/bi-analyst-at-titan-os-4467497306
4464791028,Revenue Growth Management Specialist,Damm,"Barcelona, Catalonia, Spain",2026-09-14,https://es.linkedin.com/jobs/view/revenue-growth-management-specialist-at-damm-4464791028
4448446368,Apprentice Data Scientist Finance,dsm-firmenich,Greater Barcelona Metropolitan Area,2026-09-19,https://es.linkedin.com/jobs/view/apprentice-data-scientist-finance-at-dsm-firmenich-4448446368
4436724847,Sales Analyst,Magnera Corporation,"Barcelona, Catalonia, Spain",2026-09-06,https://es.linkedin.com/jobs/view/sales-analyst-at-magnera-corporation-4436724847
4469912328,Data Analyst,MSX International,"Sant Just Desvern, Catalonia, Spain",2026-09-21,https://es.linkedin.com/jobs/view/data-analyst-at-msx-international-4469912328
4416270278,Senior Data Scientist - Pricing,Back Market,"Barcelona, Catalonia, Spain",2026-09-03,https://es.linkedin.com/jobs/view/senior-data-scientist-pricing-at-back-market-4416270278
4463844199,Data Analyst,Netquest,"Barcelona, Catalonia, Spain",2026-09-09,https://es.linkedin.com/jobs/view/data-analyst-at-netquest-4463844199
4434666095,Senior Data Analyst,Ogury,"Barcelona, Catalonia, Spain",2026-09-05,https://es.linkedin.com/jobs/view/senior-data-analyst-at-ogury-4434666095
4465064966,Controlling Manager,Kantox,"Barcelona, Catalonia, Spain",2026-09-09,https://es.linkedin.com/jobs/view/controlling-manager-at-kantox-4465064966
4447023769,Senior Global eCommerce Business Analyst,Henkel,"Barcelona, Catalonia, Spain",2026-09-11,https://es.linkedin.com/jobs/view/senior-global-ecommerce-business-analyst-at-henkel-4447023769
4440755666,Business Owner Controlling Digital,SEAT S.A.,"Martorell, Catalonia, Spain",2026-09-20,https://es.linkedin.com/jobs/view/business-owner-controlling-digital-at-seat-s-a-4440755666
4468672115,Senior Data Analyst,BETWEEN Group,"Sant Cugat del Vallès, Catalonia, Spain",2026-09-17,https://es.linkedin.com/jobs/view/senior-data-analyst-at-between-group-4468672115
4463494605,Revenue Operations Manager,Perk,"Barcelona, Catalonia, Spain",2026-09-10,https://es.linkedin.com/jobs/view/revenue-operations-manager-at-perk-4463494605
4465018691,FinOps Reporting Analyst,Adevinta,"Barcelona, Catalonia, Spain",2026-09-09,https://es.linkedin.com/jobs/view/finops-reporting-analyst-at-adevinta-4465018691
4453698487,Senior Game Data Analyst,Socialpoint,"Barcelona, Catalonia, Spain",2026-09-04,https://es.linkedin.com/jobs/view/senior-game-data-analyst-at-socialpoint-4453698487
4467714034,Business Analyst Área Comercial,Penguin Random House Grupo Editorial,"Barcelona, Catalonia, Spain",2026-09-15,https://es.linkedin.com/jobs/view/business-analyst-%C3%A1rea-comercial-at-penguin-random-house-grupo-editorial-4467714034
4438314968,Pricing Analyst,Sompo,"Barcelona, Catalonia, Spain",2026-09-14,https://es.linkedin.com/jobs/view/pricing-analyst-at-sompo-4438314968
4468659672,BI Business Analyst / Analista Funcional BI (Power BI + SQL) | Barcelona (híbrido),Colmenero Consulting,"Barcelona, Catalonia, Spain",2026-09-18,https://es.linkedin.com/jobs/view/bi-business-analyst-analista-funcional-bi-power-bi-%2B-sql-barcelona-h%C3%ADbrido-at-colmenero-consulting-4468659672
4465031861,Data Scientist (Finance),Momentum Global,"Barcelona, Catalonia, Spain",2026-09-09,https://es.linkedin.com/jobs/view/data-scientist-finance-at-momentum-global-4465031861
4466882244,Analista de Mejora de Procesos & Reporting,Zurich Insurance,"Barcelona, Catalonia, Spain",2026-09-16,https://es.linkedin.com/jobs/view/analista-de-mejora-de-procesos-reporting-at-zurich-insurance-4466882244
4419865431,Principal Data Analyst,Zynga,"Barcelona, Catalonia, Spain",2026-09-12,https://es.linkedin.com/jobs/view/principal-data-analyst-at-zynga-4419865431
4464556727,Business Finance Head - Iberia,Schneider Electric,"Barcelona, Catalonia, Spain",2026-09-10,https://es.linkedin.com/jobs/view/business-finance-head-iberia-at-schneider-electric-4464556727
4463496021,Revenue Management Leader,Claire Joster,Greater Barcelona Metropolitan Area,2026-09-10,https://es.linkedin.com/jobs/view/revenue-management-leader-at-claire-joster-4463496021
4406479405,Senior Business Intelligence & Data Analyst,Beckman Coulter Diagnostics,"L'Hospitalet de Llobregat, Catalonia, Spain",2026-09-05,https://es.linkedin.com/jobs/view/senior-business-intelligence-data-analyst-at-beckman-coulter-diagnostics-4406479405
4467865317,"Global Insights & Forecasting Director - Early Assets & Business Development, R&I",AstraZeneca,"Barcelona, Catalonia, Spain",2026-09-18,https://es.linkedin.com/jobs/view/global-insights-forecasting-director-early-assets-business-development-r-i-at-astrazeneca-4467865317
4440035506,Middle Office and BI Analyst,Bunge,"Sant Just Desvern, Catalonia, Spain",2026-09-15,https://es.linkedin.com/jobs/view/middle-office-and-bi-analyst-at-bunge-4440035506
4448999722,Treasury Cash Planning Specialist (AI & Analytics),Omya,"Barcelona, Catalonia, Spain",2026-09-18,https://es.linkedin.com/jobs/view/treasury-cash-planning-specialist-ai-analytics-at-omya-4448999722
4463448160,Senior Pricing & Sales Analyst,Deporvillage.com,Greater Manresa Metropolitan Area,2026-09-10,https://es.linkedin.com/jobs/view/senior-pricing-sales-analyst-at-deporvillage-com-4463448160
4455903259,"Business Intelligence Engineer, Volume Planning Analytics EU",Amazon,"Barcelona, Catalonia, Spain",2026-09-09,https://es.linkedin.com/jobs/view/business-intelligence-engineer-volume-planning-analytics-eu-at-amazon-4455903259
4441607177,"Business Analyst - Excel, PowerBI and scripting",BETWEEN Group,"Sant Cugat del Vallès, Catalonia, Spain",2026-09-18,https://es.linkedin.com/jobs/view/business-analyst-excel-powerbi-and-scripting-at-between-group-4441607177
4459569307,Experienced Data Analyst - Digital Sales (m/f/d),MediaMarkt España,"Barcelona, Catalonia, Spain",2026-09-14,https://es.linkedin.com/jobs/view/experienced-data-analyst-digital-sales-m-f-d-at-mediamarkt-espa%C3%B1a-4459569307
4463242667,Business Performance Lead Rider Experience,Glovo,"Barcelona, Catalonia, Spain",2026-09-08,https://es.linkedin.com/jobs/view/business-performance-lead-rider-experience-at-glovo-4463242667
4434556763,Lead Data Analyst,Smadex,"Barcelona, Catalonia, Spain",2026-08-31,https://es.linkedin.com/jobs/view/lead-data-analyst-at-smadex-4434556763
4457756951,Junior Data Analyst,Dechra,"Barcelona, Catalonia, Spain",2026-08-27,https://es.linkedin.com/jobs/view/junior-data-analyst-at-dechra-4457756951
4463518416,Senior Demand Planner,Chiesi España & Portugal,"Barcelona, Catalonia, Spain",2026-09-08,https://es.linkedin.com/jobs/view/senior-demand-planner-at-chiesi-espa%C3%B1a-portugal-4463518416
4467620012,Junior Fintech Analyst,Glovo,"Barcelona, Catalonia, Spain",2026-09-21,https://es.linkedin.com/jobs/view/junior-fintech-analyst-at-glovo-4467620012
4455831855,Data Analyst Consultant,Prenomics,"Barcelona, Catalonia, Spain",2026-08-24,https://es.linkedin.com/jobs/view/data-analyst-consultant-at-prenomics-4455831855
4454024318,Senior Game Data Analyst,Zynga,"Barcelona, Catalonia, Spain",2026-09-03,https://es.linkedin.com/jobs/view/senior-game-data-analyst-at-zynga-4454024318
4463323417,Senior Data Engineer & BI,BCNC GROUP,"Barcelona, Catalonia, Spain",2026-09-11,https://es.linkedin.com/jobs/view/senior-data-engineer-bi-at-bcnc-group-4463323417
4467130449,Senior FP&A Analyst / Adjunto a Dir. Financiero/  Finanzas Estratégicas y Reporting Internacional,Conversia Consulting Group,"El Prat de Llobregat, Catalonia, Spain",2026-09-16,https://es.linkedin.com/jobs/view/senior-fp-a-analyst-adjunto-a-dir-financiero-finanzas-estrat%C3%A9gicas-y-reporting-internacional-at-conversia-consulting-group-4467130449
4463050214,Junior FP&A Analyst,Applus+,"Cerdanyola del Vallès, Catalonia, Spain",2026-09-09,https://es.linkedin.com/jobs/view/junior-fp-a-analyst-at-applus%2B-4463050214
4435686431,BI Analyst – Revenue Operations,Doctoralia España,"Barcelona, Catalonia, Spain",2026-09-11,https://es.linkedin.com/jobs/view/bi-analyst-%E2%80%93-revenue-operations-at-doctoralia-espa%C3%B1a-4435686431
4463490534,Data Engineer,Amaris Consulting,"Cerdanyola del Vallès, Catalonia, Spain",2026-09-10,https://es.linkedin.com/jobs/view/data-engineer-at-amaris-consulting-4463490534
4469885929,Sales Planning & Strategy,Alan,"Barcelona, Catalonia, Spain",2026-09-21,https://es.linkedin.com/jobs/view/sales-planning-strategy-at-alan-4469885929
4453133426,Senior Business Analyst - CS Analytics,Kiwi.com,"Barcelona, Catalonia, Spain",2026-09-03,https://es.linkedin.com/jobs/view/senior-business-analyst-cs-analytics-at-kiwi-com-4453133426
4456511633,Finance Manager,Rover.com,Greater Barcelona Metropolitan Area,2026-09-15,https://es.linkedin.com/jobs/view/finance-manager-at-rover-com-4456511633
4467635038,Head of Group Reporting,Cellnex Telecom,"Barcelona, Catalonia, Spain",2026-09-21,https://es.linkedin.com/jobs/view/head-of-group-reporting-at-cellnex-telecom-4467635038
4421168731,Revenue Management Analyst,PepsiCo,"Barcelona, Catalonia, Spain",2026-09-20,https://es.linkedin.com/jobs/view/revenue-management-analyst-at-pepsico-4421168731
4441183182,Controlling Digital  Product Processes,SEAT S.A.,"Martorell, Catalonia, Spain",2026-09-19,https://es.linkedin.com/jobs/view/controlling-digital-product-processes-at-seat-s-a-4441183182
4455788056,HP Worldwide Additive Manufacturing Financial Analyst,HP,"Sant Cugat del Vallès, Catalonia, Spain",2026-08-31,https://es.linkedin.com/jobs/view/hp-worldwide-additive-manufacturing-financial-analyst-at-hp-4455788056
4460474813,Data & BI Analyst,devicenow,"Barcelona, Catalonia, Spain",2026-09-18,https://es.linkedin.com/jobs/view/data-bi-analyst-at-devicenow-4460474813
4459805724,Data Analyst - Property Management,Savills España,"Barcelona, Catalonia, Spain",2026-09-17,https://es.linkedin.com/jobs/view/data-analyst-property-management-at-savills-espa%C3%B1a-4459805724
4440151762,"Manager, Revenue Strategy & Operations",Airwallex,"Barcelona, Catalonia, Spain",2026-09-02,https://es.linkedin.com/jobs/view/manager-revenue-strategy-operations-at-airwallex-4440151762
4458480201,Commercial Finance Director,International Manufacturing Group,Greater Barcelona Metropolitan Area,2026-08-29,https://es.linkedin.com/jobs/view/commercial-finance-director-4458480201
4434356273,Global Finance Controller,BizAway,"Barcelona, Catalonia, Spain",2026-09-03,https://es.linkedin.com/jobs/view/global-finance-controller-at-bizaway-4434356273
4455678602,Business Analyst,Nexus Energía,"Barcelona, Catalonia, Spain",2026-09-11,https://es.linkedin.com/jobs/view/business-analyst-at-nexus-energ%C3%ADa-4455678602
4463705746,"Risk Finance Leader, EMEA",Aon,"Barcelona, Catalonia, Spain",2026-09-05,https://es.linkedin.com/jobs/view/risk-finance-leader-emea-at-aon-4463705746
4461952450,Prime Associate Business Analyst,eDreams ODIGEO,"Barcelona, Catalonia, Spain",2026-09-04,https://es.linkedin.com/jobs/view/prime-associate-business-analyst-at-edreams-odigeo-4461952450
4467354778,"Trade & Revenue Management Lead, Spain",Opella,"Barcelona, Catalonia, Spain",2026-09-21,https://es.linkedin.com/jobs/view/trade-revenue-management-lead-spain-at-opella-4467354778
4465981573,Controller comercial,Claire Joster,"Terrassa, Catalonia, Spain",2026-09-16,https://es.linkedin.com/jobs/view/controller-comercial-at-claire-joster-4465981573
4457882479,BI Analyst – Revenue Operations,Docplanner,"Barcelona, Catalonia, Spain",2026-08-23,https://es.linkedin.com/jobs/view/bi-analyst-%E2%80%93-revenue-operations-at-docplanner-4457882479
4413527675,Senior Fraud Data Analyst,Satispay,"Barcelona, Catalonia, Spain",2026-09-15,https://es.linkedin.com/jobs/view/senior-fraud-data-analyst-at-satispay-4413527675
4439464232,Global Strategy Analyst - Customer Success (Remote Friendly),Docplanner,"Barcelona, Catalonia, Spain",2026-09-16,https://es.linkedin.com/jobs/view/global-strategy-analyst-customer-success-remote-friendly-at-docplanner-4439464232
4462494746,"Associate Director, Global Health Economics and Outcomes Research Analytics","Alexion Pharmaceuticals, Inc.","Barcelona, Catalonia, Spain",2026-09-03,https://es.linkedin.com/jobs/view/associate-director-global-health-economics-and-outcomes-research-analytics-at-alexion-pharmaceuticals-inc-4462494746
4458000347,"EMEA Commercial Finance Business Partner, Data Center Segment",Eaton,"Barcelona, Catalonia, Spain",2026-09-18,https://es.linkedin.com/jobs/view/emea-commercial-finance-business-partner-data-center-segment-at-eaton-4458000347
4443562476,"Senior Specialist, Global Performance Management, COE",Bacardi,"Barcelona, Catalonia, Spain",2026-09-08,https://es.linkedin.com/jobs/view/senior-specialist-global-performance-management-coe-at-bacardi-4443562476
4463391720,Commercial Intelligence Manager,Talent hub career,"Barcelona, Catalonia, Spain",2026-09-04,https://es.linkedin.com/jobs/view/commercial-intelligence-manager-at-talent-hub-career-4463391720
4466250826,Data Analytics (Customer Experience),Massimo Dutti,"Tordera, Catalonia, Spain",2026-09-17,https://es.linkedin.com/jobs/view/data-analytics-customer-experience-at-massimo-dutti-4466250826
4468068250,ANALYST / SENIOR ANALYST - LOAN DATA & SRT OPERATIONS,CaixaBank,"Barcelona, Catalonia, Spain",2026-09-19,https://es.linkedin.com/jobs/view/analyst-senior-analyst-loan-data-srt-operations-at-caixabank-4468068250
4469923179,Senior Data Analyst,Joppy,"Barcelona, Catalonia, Spain",2026-09-21,https://es.linkedin.com/jobs/view/senior-data-analyst-at-joppy-4469923179
4458257469,"ACES Analyst, ADAT",Amazon,"Barcelona, Catalonia, Spain",2026-09-14,https://es.linkedin.com/jobs/view/aces-analyst-adat-at-amazon-4458257469
4456916877,Business Controller,MiiN Korean Cosmetics,"Barcelona, Catalonia, Spain",2026-08-25,https://es.linkedin.com/jobs/view/business-controller-at-miin-korean-cosmetics-4456916877
4466880143,LOAN DATA & OPERATIONS ANALYST,CaixaBank,"Barcelona, Catalonia, Spain",2026-09-16,https://es.linkedin.com/jobs/view/loan-data-operations-analyst-at-caixabank-4466880143
4368690322,Commercial Finance Business Partner – Consumer Division,Nilfisk,"Mataró, Catalonia, Spain",2026-09-06,https://es.linkedin.com/jobs/view/commercial-finance-business-partner-%E2%80%93-consumer-division-at-nilfisk-4368690322
4459662841,Junior Data Analyst & AI Automation Specialist,Laboratorios Rubió,"Barcelona, Catalonia, Spain",2026-08-27,https://es.linkedin.com/jobs/view/junior-data-analyst-ai-automation-specialist-at-laboratorios-rubi%C3%B3-4459662841
4461143360,Data Scientist,Smadex,"Barcelona, Catalonia, Spain",2026-09-18,https://es.linkedin.com/jobs/view/data-scientist-at-smadex-4461143360
4467622650,Power BI Specialist / Data Analyst,Oxigent Technologies,"Barcelona, Catalonia, Spain",2026-09-21,https://es.linkedin.com/jobs/view/power-bi-specialist-data-analyst-at-oxigent-technologies-4467622650
4462511906,Revenue Growth Manager - Promociones y Pricing,Grupo Bimbo,"Barcelona, Catalonia, Spain",2026-09-08,https://es.linkedin.com/jobs/view/revenue-growth-manager-promociones-y-pricing-at-grupo-bimbo-4462511906
4445077461,Strategic Project Controller,CELSA GROUP,Greater Barcelona Metropolitan Area,2026-09-18,https://es.linkedin.com/jobs/view/strategic-project-controller-at-celsa-group-4445077461
4458590284,Lead Finance Analyst,Scopely,"Barcelona, Catalonia, Spain",2026-09-15,https://es.linkedin.com/jobs/view/lead-finance-analyst-at-scopely-4458590284
4454268983,Data Scientist,Product Madness 📱🎮,"Barcelona, Catalonia, Spain",2026-09-08,https://es.linkedin.com/jobs/view/data-scientist-at-product-madness-%F0%9F%93%B1%F0%9F%8E%AE-4454268983
4462443486,"Head of Product, Data, EU",TyrAds,"Barcelona, Catalonia, Spain",2026-09-02,https://es.linkedin.com/jobs/view/head-of-product-data-eu-at-tyrads-4462443486
4437601196,"Senior Manager, Product Data Analyst",Contentsquare,"Barcelona, Catalonia, Spain",2026-09-17,https://es.linkedin.com/jobs/view/senior-manager-product-data-analyst-at-contentsquare-4437601196
4442826601,Data & Insight Analyst Mid,Housfy,"Barcelona, Catalonia, Spain",2026-08-25,https://es.linkedin.com/jobs/view/data-insight-analyst-mid-at-housfy-4442826601
4448737867,Senior Product Owner - Analytics (m/f/d),MediaMarkt España,"Barcelona, Catalonia, Spain",2026-09-08,https://es.linkedin.com/jobs/view/senior-product-owner-analytics-m-f-d-at-mediamarkt-espa%C3%B1a-4448737867
4432822209,Senior Finance Business Partner,Rockwell Automation,"Barcelona, Catalonia, Spain",2026-09-19,https://es.linkedin.com/jobs/view/senior-finance-business-partner-at-rockwell-automation-4432822209
4458363729,Portfolio Analyst,Nexus Energía,"Barcelona, Catalonia, Spain",2026-09-17,https://es.linkedin.com/jobs/view/portfolio-analyst-at-nexus-energ%C3%ADa-4458363729
4463492912,Senior Revenue Strategy Analyst,Doctoralia España,"Barcelona, Catalonia, Spain",2026-09-10,https://es.linkedin.com/jobs/view/senior-revenue-strategy-analyst-at-doctoralia-espa%C3%B1a-4463492912
4460644560,Professional Data & Reporting Analyst,HARTING Technology Group,"Barcelona, Catalonia, Spain",2026-09-01,https://es.linkedin.com/jobs/view/professional-data-reporting-analyst-at-harting-technology-group-4460644560
4400340052,Associate y Senior Associate Strategy& - Economics Barcelona,PwC España,"Barcelona, Catalonia, Spain",2026-09-12,https://es.linkedin.com/jobs/view/associate-y-senior-associate-strategy-economics-barcelona-at-pwc-espa%C3%B1a-4400340052
4442592563,Business Performance Analyst (VIE contract),Criteo,"Barcelona, Catalonia, Spain",2026-08-31,https://es.linkedin.com/jobs/view/business-performance-analyst-vie-contract-at-criteo-4442592563
4459298632,Analista de datos,K-LAGAN,"Barcelona, Catalonia, Spain",2026-09-01,https://es.linkedin.com/jobs/view/analista-de-datos-at-k-lagan-4459298632
4460032572,Controller Manager,SOCOTEC Spain,"Barcelona, Catalonia, Spain",2026-08-31,https://es.linkedin.com/jobs/view/controller-manager-at-socotec-spain-4460032572
4463013708,Commercial Controller,Oysho,"Tordera, Catalonia, Spain",2026-09-09,https://es.linkedin.com/jobs/view/commercial-controller-at-oysho-4463013708
4467351890,Data Product Lead (Finance data & AI) - Barcelona,Opella,"Barcelona, Catalonia, Spain",2026-09-21,https://es.linkedin.com/jobs/view/data-product-lead-finance-data-ai-barcelona-at-opella-4467351890
4461693093,Business Analyst Aviación,Quest Global,"Barcelona, Catalonia, Spain",2026-09-03,https://es.linkedin.com/jobs/view/business-analyst-aviaci%C3%B3n-at-quest-global-4461693093
4459764989,"DIRECTOR, GLOBAL MARKET INSIGHTS",Almirall,"Barcelona, Catalonia, Spain",2026-09-21,https://es.linkedin.com/jobs/view/director-global-market-insights-at-almirall-4459764989
4469889775,"Global Logistics, Senior Analyst",Bunge,"Sant Just Desvern, Catalonia, Spain",2026-09-21,https://es.linkedin.com/jobs/view/global-logistics-senior-analyst-at-bunge-4469889775
4462968236,INDUSTRIAL CONTROLLING MANAGER,LHH,Greater Barcelona Metropolitan Area,2026-09-07,https://es.linkedin.com/jobs/view/industrial-controlling-manager-at-lhh-4462968236
4468215739,Senior Supply Chain Data Analyst,Bluecrux,"Barcelona, Catalonia, Spain",2026-09-16,https://es.linkedin.com/jobs/view/senior-supply-chain-data-analyst-at-bluecrux-4468215739
4461787647,FP&A Manager (M/F/D),TE Connectivity,"Barcelona, Catalonia, Spain",2026-09-17,https://es.linkedin.com/jobs/view/fp-a-manager-m-f-d-at-te-connectivity-4461787647
4438687440,Regional Sales Excellence Manager,Fluidra,"Sant Cugat del Vallès, Catalonia, Spain",2026-09-11,https://es.linkedin.com/jobs/view/regional-sales-excellence-manager-at-fluidra-4438687440
4460488775,BI & Data Analytics Junior,Adsmurai,"Barcelona, Catalonia, Spain",2026-09-03,https://es.linkedin.com/jobs/view/bi-data-analytics-junior-at-adsmurai-4460488775
4464367002,Director Of Revenue Operations,Kantox,"Barcelona, Catalonia, Spain",2026-09-07,https://es.linkedin.com/jobs/view/director-of-revenue-operations-at-kantox-4464367002
4454768518,Senior Product Analyst,Manychat,"Barcelona, Catalonia, Spain",2026-09-09,https://es.linkedin.com/jobs/view/senior-product-analyst-at-manychat-4454768518
4387960504,Data Analyst / Data Engineer (Commercial Insurance),Zurich Insurance,"Barcelona, Catalonia, Spain",2026-09-08,https://es.linkedin.com/jobs/view/data-analyst-data-engineer-commercial-insurance-at-zurich-insurance-4387960504
4468603447,Data Scientist,BCNC GROUP,"Barcelona, Catalonia, Spain",2026-09-17,https://es.linkedin.com/jobs/view/data-scientist-at-bcnc-group-4468603447
4447143019,Senior FP&A Manager,Ogury,"Barcelona, Catalonia, Spain",2026-09-13,https://es.linkedin.com/jobs/view/senior-fp-a-manager-at-ogury-4447143019
4448522279,Business Intelligence Analyst,Thunes,Greater Barcelona Metropolitan Area,2026-09-17,https://es.linkedin.com/jobs/view/business-intelligence-analyst-at-thunes-4448522279
4463480923,Financial Planning and Analysis Manager,Sadhu,Greater Barcelona Metropolitan Area,2026-09-10,https://es.linkedin.com/jobs/view/financial-planning-and-analysis-manager-at-sadhu-4463480923
4457255471,Senior Digital Data Analyst (Marketing Intelligence),Timup,"Barcelona, Catalonia, Spain",2026-09-17,https://es.linkedin.com/jobs/view/senior-digital-data-analyst-marketing-intelligence-at-timup-4457255471
4467208184,BI Developer,Edenred España,"Cornellà de Llobregat, Catalonia, Spain",2026-09-14,https://es.linkedin.com/jobs/view/bi-developer-at-edenred-espa%C3%B1a-4467208184
4400518607,"Analyst, Marketing",Rockwell Automation,"Barcelona, Catalonia, Spain",2026-09-11,https://es.linkedin.com/jobs/view/analyst-marketing-at-rockwell-automation-4400518607
4467116699,Senior FP&A Analyst | Finanzas Estratégicas y Reporting Internacional.,Conversia Consulting Group,"Riudellots de la Selva, Catalonia, Spain",2026-09-16,https://es.linkedin.com/jobs/view/senior-fp-a-analyst-finanzas-estrat%C3%A9gicas-y-reporting-internacional-at-conversia-consulting-group-4467116699
4461764919,Business Analyst,Factorial,"Barcelona, Catalonia, Spain",2026-09-01,https://es.linkedin.com/jobs/view/business-analyst-at-factorial-4461764919
4459837832,"Data Analytics Manager, B2C",Dow Jones,"Barcelona, Catalonia, Spain",2026-09-21,https://es.linkedin.com/jobs/view/data-analytics-manager-b2c-at-dow-jones-4459837832
4410802929,FINANCE & CONTROLLING MANAGER,Kave Home,"Sils, Catalonia, Spain",2026-08-31,https://es.linkedin.com/jobs/view/finance-controlling-manager-at-kave-home-4410802929
4462290545,Commercial Excellence Analyst,LETI Pharma,"Barcelona, Catalonia, Spain",2026-09-08,https://es.linkedin.com/jobs/view/commercial-excellence-analyst-at-leti-pharma-4462290545
4459259104,Strategic FP&A Europe,TD SYNNEX Spain,"Barcelona, Catalonia, Spain",2026-08-31,https://es.linkedin.com/jobs/view/strategic-fp-a-europe-at-td-synnex-spain%E2%80%8B-4459259104
4457755481,Business Controller,Bershka,"Tordera, Catalonia, Spain",2026-08-27,https://es.linkedin.com/jobs/view/business-controller-at-bershka-4457755481
4463984827,Senior Data Scientist (Credit),Moniepoint Group,"Barcelona, Catalonia, Spain",2026-09-11,https://es.linkedin.com/jobs/view/senior-data-scientist-credit-at-moniepoint-group-4463984827
4462299922,Corporate Strategy & Portolio Specialist,Neuraxpharm,"Sant Joan Despí, Catalonia, Spain",2026-09-08,https://es.linkedin.com/jobs/view/corporate-strategy-portolio-specialist-at-neuraxpharm-4462299922
4414001366,Customer & Marketing | Analytics Consultant,Deloitte,"Barcelona, Catalonia, Spain",2026-09-05,https://es.linkedin.com/jobs/view/customer-marketing-analytics-consultant-at-deloitte-4414001366
4413563708,HTA & Modelling Science Director,AstraZeneca,"Barcelona, Catalonia, Spain",2026-09-19,https://es.linkedin.com/jobs/view/hta-modelling-science-director-at-astrazeneca-4413563708
4455450696,Senior Marketing Analyst,Manychat,"Barcelona, Catalonia, Spain",2026-09-10,https://es.linkedin.com/jobs/view/senior-marketing-analyst-at-manychat-4455450696
4427548564,Demand Planner CoE,Bacardi,"Barcelona, Catalonia, Spain",2026-09-12,https://es.linkedin.com/jobs/view/demand-planner-coe-at-bacardi-4427548564
4460982758,Senior Data Scientist,The Knot Worldwide,"Barcelona, Catalonia, Spain",2026-09-02,https://es.linkedin.com/jobs/view/senior-data-scientist-at-the-knot-worldwide-4460982758
4466673249,Global Head of Media Data,Puig,"Barcelona, Catalonia, Spain",2026-09-18,https://es.linkedin.com/jobs/view/global-head-of-media-data-at-puig-4466673249
4463252280,DEMAND PLANNER,Kave Home,"Sils, Catalonia, Spain",2026-09-08,https://es.linkedin.com/jobs/view/demand-planner-at-kave-home-4463252280
4441308339,Senior Data Scientist,Monzo,"Barcelona, Catalonia, Spain",2026-09-20,https://es.linkedin.com/jobs/view/senior-data-scientist-at-monzo-4441308339
4455307965,Business Controller con 8 años de experiencia,Cuatrecasas,"Barcelona, Catalonia, Spain",2026-09-08,https://es.linkedin.com/jobs/view/business-controller-con-8-a%C3%B1os-de-experiencia-at-cuatrecasas-4455307965
4412127975,Data Analytics Team Lead,FYUL,"Barcelona, Catalonia, Spain",2026-09-15,https://es.linkedin.com/jobs/view/data-analytics-team-lead-at-fyul-4412127975
4467316900,Data Analyst / Power BI Specialist (Cuadros de Mando),Oxigent Technologies,"Barcelona, Catalonia, Spain",2026-09-20,https://es.linkedin.com/jobs/view/data-analyst-power-bi-specialist-cuadros-de-mando-at-oxigent-technologies-4467316900
4462241578,EU Pricing Strategy Partner,TD SYNNEX Spain,"Barcelona, Catalonia, Spain",2026-09-07,https://es.linkedin.com/jobs/view/eu-pricing-strategy-partner-at-td-synnex-spain%E2%80%8B-4462241578
4464791340,Consultor/a Business Intelligence / BO,Aubay Spain,"Barcelona, Catalonia, Spain",2026-09-14,https://es.linkedin.com/jobs/view/consultor-a-business-intelligence-bo-at-aubay-spain-4464791340
4456576929,Data Operations and Business Intelligence Manager,"Stanley Black & Decker, Inc.","Barcelona, Catalonia, Spain",2026-08-25,https://es.linkedin.com/jobs/view/data-operations-and-business-intelligence-manager-at-stanley-black-decker-inc-4456576929
4463997060,Business Unit Finance Director,EMEA Recruitment,"Barcelona, Catalonia, Spain",2026-09-21,https://es.linkedin.com/jobs/view/business-unit-finance-director-at-emea-recruitment-4463997060
4462294547,Demand Planner,LETI Pharma,Greater Barcelona Metropolitan Area,2026-09-08,https://es.linkedin.com/jobs/view/demand-planner-at-leti-pharma-4462294547
4465534703,TMO - Corporate Strategy & Reporting Coordinator,Quadrante Meta Engineering,"Barcelona, Catalonia, Spain",2026-09-15,https://es.linkedin.com/jobs/view/tmo-corporate-strategy-reporting-coordinator-at-quadrante-meta-engineering-4465534703
4449583138,Senior Data Analyst - Operations Analytics,Rover.com,Greater Barcelona Metropolitan Area,2026-09-06,https://es.linkedin.com/jobs/view/senior-data-analyst-operations-analytics-at-rover-com-4449583138
4469886054,Senior Commercial Service Manager (m/f/d),Allianz Technology,"Barcelona, Catalonia, Spain",2026-09-21,https://es.linkedin.com/jobs/view/senior-commercial-service-manager-m-f-d-at-allianz-technology-4469886054
4462064856,Data Scientist,Holaluz,"Barcelona, Catalonia, Spain",2026-09-01,https://es.linkedin.com/jobs/view/data-scientist-at-holaluz-4462064856
4468252185,"Principal, Nike Direct Trading & Business Execution Spain & Portugal",Nike,"Barcelona, Catalonia, Spain",2026-09-17,https://es.linkedin.com/jobs/view/principal-nike-direct-trading-business-execution-spain-portugal-at-nike-4468252185
4458734918,Demand Planner Iberica (f/m/d),Freudenberg Home and Cleaning Solutions,"Parets del Vallès, Catalonia, Spain",2026-09-16,https://es.linkedin.com/jobs/view/demand-planner-iberica-f-m-d-at-freudenberg-home-and-cleaning-solutions-4458734918
4328160376,Data Scientist/Data Engineer Analyst/Consultant for Supply Chain,Accenture España,"Barcelona, Catalonia, Spain",2026-09-18,https://es.linkedin.com/jobs/view/data-scientist-data-engineer-analyst-consultant-for-supply-chain-at-accenture-espa%C3%B1a-4328160376
4465073586,Revenue Strategy Optimization,Stayforlong,"Barcelona, Catalonia, Spain",2026-09-09,https://es.linkedin.com/jobs/view/revenue-strategy-optimization-at-stayforlong-4465073586
4448624738,Product Analyst -  Star Trek Fleet Command,Scopely,"Barcelona, Catalonia, Spain",2026-09-19,https://es.linkedin.com/jobs/view/product-analyst-star-trek-fleet-command-at-scopely-4448624738
4426330604,Finance Controller,Omnicom Health,"Barcelona, Catalonia, Spain",2026-09-03,https://es.linkedin.com/jobs/view/finance-controller-at-omnicom-health-4426330604
4437413198,Corporate FP&A – Financial Planning,Codeway,"Barcelona, Catalonia, Spain",2026-09-09,https://es.linkedin.com/jobs/view/corporate-fp-a-%E2%80%93-financial-planning-at-codeway-4437413198
4455866252,Controller Financiero (H/M/X),Manpower España,"El Prat de Llobregat, Catalonia, Spain",2026-08-24,https://es.linkedin.com/jobs/view/controller-financiero-h-m-x-at-manpower-espa%C3%B1a-4455866252
4467395226,RGM Supervisor Salty Snacks,Grupo Bimbo,"Barcelona, Catalonia, Spain",2026-09-21,https://es.linkedin.com/jobs/view/rgm-supervisor-salty-snacks-at-grupo-bimbo-4467395226
4458352708,FP&A Controller – Business Partnering & Financial Planning,Editorial Vicens Vives,Greater Barcelona Metropolitan Area,2026-08-27,https://es.linkedin.com/jobs/view/fp-a-controller-%E2%80%93-business-partnering-financial-planning-at-editorial-vicens-vives-4458352708
4462940357,FP&A Manager - Kings League,Kosmos,"Barcelona, Catalonia, Spain",2026-09-07,https://es.linkedin.com/jobs/view/fp-a-manager-kings-league-at-kosmos-4462940357
4435115342,TÈCNIC/A ANALISTA DE NEGOCI,Grup Ametller Origen,"Olèrdola, Catalonia, Spain",2026-09-03,https://es.linkedin.com/jobs/view/t%C3%A8cnic-a-analista-de-negoci-at-grup-ametller-origen-4435115342
4437274760,Business Intelligence Analyst,Hexagon Infrastructure & Geospatial,"Barcelona, Catalonia, Spain",2026-09-08,https://es.linkedin.com/jobs/view/business-intelligence-analyst-at-hexagon-infrastructure-geospatial-4437274760
4469916527,Controller | Analista Financiero,ESSS,"Barcelona, Catalonia, Spain",2026-09-21,https://es.linkedin.com/jobs/view/controller-analista-financiero-at-esss-4469916527
4461240370,"Responsable de Planificación Financiera, Modelización y Corporate Finance",GRUPO NEOELECTRA,"Sant Just Desvern, Catalonia, Spain",2026-08-31,https://es.linkedin.com/jobs/view/responsable-de-planificaci%C3%B3n-financiera-modelizaci%C3%B3n-y-corporate-finance-at-grupo-neoelectra-4461240370
4458744352,Data Operations and Business Intelligence Manager,"Stanley Black & Decker, Inc.","Catalonia, Spain",2026-09-15,https://es.linkedin.com/jobs/view/data-operations-and-business-intelligence-manager-at-stanley-black-decker-inc-4458744352
4462159776,Revenue Manager,Ona Hotels & Apartments,"Barcelona, Catalonia, Spain",2026-09-02,https://es.linkedin.com/jobs/view/revenue-manager-at-ona-hotels-apartments-4462159776
4466529274,Demand Planner,Confidential Jobs,"Barcelonès, Catalonia, Spain",2026-09-15,https://es.linkedin.com/jobs/view/demand-planner-at-confidential-jobs-4466529274
4441705192,Business Analyst,Product Madness 📱🎮,"Barcelona, Catalonia, Spain",2026-09-20,https://es.linkedin.com/jobs/view/business-analyst-at-product-madness-%F0%9F%93%B1%F0%9F%8E%AE-4441705192
4468614308,Global Value Lead GMnE,Sanofi,"Barcelona, Catalonia, Spain",2026-09-17,https://es.linkedin.com/jobs/view/global-value-lead-gmne-at-sanofi-4468614308
4457740954,Data Analyst,Advoost,"Barcelona, Catalonia, Spain",2026-09-10,https://es.linkedin.com/jobs/view/data-analyst-at-advoost-4457740954
4469576226,Data Scientist,GamblingCareers.com,"Barcelona, Catalonia, Spain",2026-09-20,https://es.linkedin.com/jobs/view/data-scientist-at-gamblingcareers-com-4469576226
4366897143,Professional Services Associate,Abacum,"Barcelona, Catalonia, Spain",2026-09-01,https://es.linkedin.com/jobs/view/professional-services-associate-at-abacum-4366897143
4437422666,Demand Planner,Encuentro,"Arenys de Mar, Catalonia, Spain",2026-09-09,https://es.linkedin.com/jobs/view/demand-planner-at-encuentro-4437422666
4469821810,Business Analyst,GamblingCareers.com,"Barcelona, Catalonia, Spain",2026-09-21,https://es.linkedin.com/jobs/view/business-analyst-at-gamblingcareers-com-4469821810
4461660441,Junior Data Analyst - Automation & Reporting,InPost España,"Barcelona, Catalonia, Spain",2026-09-03,https://es.linkedin.com/jobs/view/junior-data-analyst-automation-reporting-at-inpost-espa%C3%B1a-4461660441
4467189369,Analytics Engineer,TOUS Jewelry,"Manresa, Catalonia, Spain",2026-09-17,https://es.linkedin.com/jobs/view/analytics-engineer-at-tous-jewelry-4467189369
4437678119,Data Scientist,HappyRobot,"Barcelona, Catalonia, Spain",2026-09-16,https://es.linkedin.com/jobs/view/data-scientist-at-happyrobot-4437678119
4467136415,Senior Data Analyst,Haute Custom Beauty,"Barcelona, Catalonia, Spain",2026-09-16,https://es.linkedin.com/jobs/view/senior-data-analyst-at-haute-custom-beauty-4467136415
4462223710,Analista de Coste de Riesgo (CoR) y Provisiones- Barcelona/Madrid,Banco Sabadell,"Barcelona, Catalonia, Spain",2026-09-07,https://es.linkedin.com/jobs/view/analista-de-coste-de-riesgo-cor-y-provisiones-barcelona-madrid-at-banco-sabadell-4462223710
4432982523,FP&A Supply Chain,Affinity Petcare,"Barcelona, Catalonia, Spain",2026-09-02,https://es.linkedin.com/jobs/view/fp-a-supply-chain-at-affinity-petcare-4432982523
4467040987,IT Strategy & Performance Analyst,Unilabs,"Barcelona, Catalonia, Spain",2026-09-16,https://es.linkedin.com/jobs/view/it-strategy-performance-analyst-at-unilabs-4467040987
4424571530,Strategy & Execution Analyst (Energy & Utilities),Metyis,"Barcelona, Catalonia, Spain",2026-09-20,https://es.linkedin.com/jobs/view/strategy-execution-analyst-energy-utilities-at-metyis-4424571530
4465968974,Data Analyst Power BI & Reporting,Advoost,Greater Barcelona Metropolitan Area,2026-09-16,https://es.linkedin.com/jobs/view/data-analyst-power-bi-reporting-at-advoost-4465968974
4437410211,Finance Business Partner - Generalist,Codeway,"Barcelona, Catalonia, Spain",2026-09-10,https://es.linkedin.com/jobs/view/finance-business-partner-generalist-at-codeway-4437410211
4466661790,Data Scientist - Customer Intelligence,Randstad Digital España,"Barcelona, Catalonia, Spain",2026-09-18,https://es.linkedin.com/jobs/view/data-scientist-customer-intelligence-at-randstad-digital-espa%C3%B1a-4466661790
4468619058,Finance Process Optimization Analyst,PPG,"Barcelona, Catalonia, Spain",2026-09-17,https://es.linkedin.com/jobs/view/finance-process-optimization-analyst-at-ppg-4468619058
4467602453,Staff Data Scientist - Experimentation,Wallapop,"Barcelona, Catalonia, Spain",2026-09-21,https://es.linkedin.com/jobs/view/staff-data-scientist-experimentation-at-wallapop-4467602453
4469172087,Finance Director,IO Interactive,"Barcelona, Catalonia, Spain",2026-09-18,https://es.linkedin.com/jobs/view/finance-director-at-io-interactive-4469172087
4348226571,Consultor/a Senior Riesgos Banca - Modelos de Crédito,KPMG España,"L'Hospitalet de Llobregat, Catalonia, Spain",2026-09-08,https://es.linkedin.com/jobs/view/consultor-a-senior-riesgos-banca-modelos-de-cr%C3%A9dito-at-kpmg-espa%C3%B1a-4348226571
4461645864,Head of Value & Pricing Spain,LHH,"Barcelona, Catalonia, Spain",2026-09-03,https://es.linkedin.com/jobs/view/head-of-value-pricing-spain-at-lhh-4461645864
4462314088,"Expert, EPM Solution Analyst",Schneider Electric,"Barcelona, Catalonia, Spain",2026-09-04,https://es.linkedin.com/jobs/view/expert-epm-solution-analyst-at-schneider-electric-4462314088
4462131928,Senior Analytics Engineer - Data Modeling & Visualization,Lengow,"Barcelona, Catalonia, Spain",2026-09-02,https://es.linkedin.com/jobs/view/senior-analytics-engineer-data-modeling-visualization-at-lengow-4462131928
4404407179,Senior Data Analyst - Expansion,Preply,"Barcelona, Catalonia, Spain",2026-09-18,https://es.linkedin.com/jobs/view/senior-data-analyst-expansion-at-preply-4404407179
4383941943,Staff Data Scientist,Preply,"Barcelona, Catalonia, Spain",2026-08-31,https://es.linkedin.com/jobs/view/staff-data-scientist-at-preply-4383941943
4419882393,Principal Game Data Analyst,Socialpoint,"Barcelona, Catalonia, Spain",2026-09-11,https://es.linkedin.com/jobs/view/principal-game-data-analyst-at-socialpoint-4419882393
4428034762,Director B2B Finance,Preply,"Barcelona, Catalonia, Spain",2026-09-11,https://es.linkedin.com/jobs/view/director-b2b-finance-at-preply-4428034762
4434601777,"Marketing Analytics & Finance Growth Senior Manager, B2C",Preply,"Barcelona, Catalonia, Spain",2026-09-04,https://es.linkedin.com/jobs/view/marketing-analytics-finance-growth-senior-manager-b2c-at-preply-4434601777
4458619507,Logistics Strategy & Performance Lead,Glovo,"Barcelona, Catalonia, Spain",2026-09-18,https://es.linkedin.com/jobs/view/logistics-strategy-performance-lead-at-glovo-4458619507
4319219359,Senior Data Scientist - Insights,Preply,"Barcelona, Catalonia, Spain",2026-09-17,https://es.linkedin.com/jobs/view/senior-data-scientist-insights-at-preply-4319219359
4437344021,Senior Strategic Finance Manager - Product,Preply,"Barcelona, Catalonia, Spain",2026-09-12,https://es.linkedin.com/jobs/view/senior-strategic-finance-manager-product-at-preply-4437344021
4460353568,Senior Marketing Data Analyst,Socialpoint,"Barcelona, Catalonia, Spain",2026-09-19,https://es.linkedin.com/jobs/view/senior-marketing-data-analyst-at-socialpoint-4460353568
4468725175,Business Analyst – Logistics Strategy & Rider Incentives,Glovo,"Barcelona, Catalonia, Spain",2026-09-21,https://es.linkedin.com/jobs/view/business-analyst-%E2%80%93-logistics-strategy-rider-incentives-at-glovo-4468725175
4467037596,Senior Revenue Strategy Analyst,Docplanner,"Barcelona, Catalonia, Spain",2026-09-14,https://es.linkedin.com/jobs/view/senior-revenue-strategy-analyst-at-docplanner-4467037596
4461892079,Category Excellence Team Lead,Claire Joster,Greater Barcelona Metropolitan Area,2026-09-07,https://es.linkedin.com/jobs/view/category-excellence-team-lead-at-claire-joster-4461892079
4363425041,Senior Data Scientist - Marketing,Preply,"Barcelona, Catalonia, Spain",2026-09-16,https://es.linkedin.com/jobs/view/senior-data-scientist-marketing-at-preply-4363425041
4449395484,Online Marketing Analytics Manager,eDreams ODIGEO,"Barcelona, Catalonia, Spain",2026-09-18,https://es.linkedin.com/jobs/view/online-marketing-analytics-manager-at-edreams-odigeo-4449395484
4427727684,Senior Product Data Analyst (Hybrid),eDreams ODIGEO,"Barcelona, Catalonia, Spain",2026-09-08,https://es.linkedin.com/jobs/view/senior-product-data-analyst-hybrid-at-edreams-odigeo-4427727684
4462862605,Head of Revenue Operations,coches.net,"Barcelona, Catalonia, Spain",2026-09-03,https://es.linkedin.com/jobs/view/head-of-revenue-operations-at-coches-net-4462862605
4455935090,"Sr. Business Analyst, Global Tax Data",Amazon,"Barcelona, Catalonia, Spain",2026-09-09,https://es.linkedin.com/jobs/view/sr-business-analyst-global-tax-data-at-amazon-4455935090
4432678853,Data Scientist,BizAway,"Barcelona, Catalonia, Spain",2026-09-20,https://es.linkedin.com/jobs/view/data-scientist-at-bizaway-4432678853
4462212867,"Director, Product Data Analyst Team",Contentsquare,"Barcelona, Catalonia, Spain",2026-09-07,https://es.linkedin.com/jobs/view/director-product-data-analyst-team-at-contentsquare-4462212867
4465797012,Pricing & Promotions Sr. Analyst,Glovo,"Barcelona, Catalonia, Spain",2026-09-14,https://es.linkedin.com/jobs/view/pricing-promotions-sr-analyst-at-glovo-4465797012
4455917369,"Business Analyst, Translation Services Operations",Amazon,"Barcelona, Catalonia, Spain",2026-09-09,https://es.linkedin.com/jobs/view/business-analyst-translation-services-operations-at-amazon-4455917369
4468720247,Data Analyst II Rider Experience,Glovo,"Barcelona, Catalonia, Spain",2026-09-21,https://es.linkedin.com/jobs/view/data-analyst-ii-rider-experience-at-glovo-4468720247
4460610363,On-Demand Finance Lead - HQ,Glovo,"Barcelona, Catalonia, Spain",2026-09-01,https://es.linkedin.com/jobs/view/on-demand-finance-lead-hq-at-glovo-4460610363
4457034260,"Business Intelligence Engineer II, Fulfillment Optimization",Amazon,"Barcelona, Catalonia, Spain",2026-09-11,https://es.linkedin.com/jobs/view/business-intelligence-engineer-ii-fulfillment-optimization-at-amazon-4457034260
4460349090,Senior Marketing Data Analyst,Zynga,"Barcelona, Catalonia, Spain",2026-09-18,https://es.linkedin.com/jobs/view/senior-marketing-data-analyst-at-zynga-4460349090
4463889534,Lead Financial Business Partner – On-Demand,Glovo,"Barcelona, Catalonia, Spain",2026-09-09,https://es.linkedin.com/jobs/view/lead-financial-business-partner-%E2%80%93-on-demand-at-glovo-4463889534
4463873633,DATA SCIENTIST ADVANCED ANALYTICS,CaixaBank,"Barcelona, Catalonia, Spain",2026-09-09,https://es.linkedin.com/jobs/view/data-scientist-advanced-analytics-at-caixabank-4463873633
4455774930,"Process Analyst, EU Central Operations Analytics",Amazon,"Barcelona, Catalonia, Spain",2026-09-09,https://es.linkedin.com/jobs/view/process-analyst-eu-central-operations-analytics-at-amazon-4455774930
4466942083,"Lead Data Analyst, Marketing (SEM)",Rover.com,Greater Barcelona Metropolitan Area,2026-09-18,https://es.linkedin.com/jobs/view/lead-data-analyst-marketing-sem-at-rover-com-4466942083
4427945285,Advanced Planning System Lead – Demand Planning,Bacardi,"Barcelona, Catalonia, Spain",2026-09-06,https://es.linkedin.com/jobs/view/advanced-planning-system-lead-%E2%80%93-demand-planning-at-bacardi-4427945285
4463060261,Cloud BI Product Manager & Team Lead,TD SYNNEX Spain,"Barcelona, Catalonia, Spain",2026-09-09,https://es.linkedin.com/jobs/view/cloud-bi-product-manager-team-lead-at-td-synnex-spain%E2%80%8B-4463060261
4459251570,Customer Growth & Strategy Analyst,TD SYNNEX Spain,"Barcelona, Catalonia, Spain",2026-08-31,https://es.linkedin.com/jobs/view/customer-growth-strategy-analyst-at-td-synnex-spain%E2%80%8B-4459251570
4424469590,Actuarial Analyst,Zurich Insurance,"Barcelona, Catalonia, Spain",2026-08-31,https://es.linkedin.com/jobs/view/actuarial-analyst-at-zurich-insurance-4424469590
4461655293,Junior Financial Controller,Giesecke+Devrient,"El Prat de Llobregat, Catalonia, Spain",2026-09-03,https://es.linkedin.com/jobs/view/junior-financial-controller-at-giesecke%2Bdevrient-4461655293
4465251918,Manager - Pricing Strategy (ESI),ADP,"Barcelona, Catalonia, Spain",2026-09-14,https://es.linkedin.com/jobs/view/manager-pricing-strategy-esi-at-adp-4465251918
4469905544,Data Analyst,MSX International,"Sant Just Desvern, Catalonia, Spain",2026-09-21,https://es.linkedin.com/jobs/view/data-analyst-at-msx-international-4469905544
4421172686,Revenue Management Analyst,PepsiCo,"Barcelona, Catalonia, Spain",2026-09-21,https://es.linkedin.com/jobs/view/revenue-management-analyst-at-pepsico-4421172686
4442806653,Data & Insight Analyst Mid,Housfy,"Barcelona, Catalonia, Spain",2026-08-25,https://es.linkedin.com/jobs/view/data-insight-analyst-mid-at-housfy-4442806653
4441391794,Business Analyst,Product Madness 📱🎮,"Barcelona, Catalonia, Spain",2026-09-21,https://es.linkedin.com/jobs/view/business-analyst-at-product-madness-%F0%9F%93%B1%F0%9F%8E%AE-4441391794
4454291050,Data Scientist,Product Madness 📱🎮,"Barcelona, Catalonia, Spain",2026-09-08,https://es.linkedin.com/jobs/view/data-scientist-at-product-madness-%F0%9F%93%B1%F0%9F%8E%AE-4454291050
4458627012,Cloud FinOps Analyst,Giesecke+Devrient,"Sant Joan Despí, Catalonia, Spain",2026-09-17,https://es.linkedin.com/jobs/view/cloud-finops-analyst-at-giesecke%2Bdevrient-4458627012
4456014613,Checkout Data Analyst - (Hybrid),eDreams ODIGEO,"Barcelona, Catalonia, Spain",2026-09-15,https://es.linkedin.com/jobs/view/checkout-data-analyst-hybrid-at-edreams-odigeo-4456014613
4461887717,FP&A Manager,Kings League,"Barcelona, Catalonia, Spain",2026-09-07,https://es.linkedin.com/jobs/view/fp-a-manager-at-kings-league-4461887717
4459218822,Growth Strategy Senior Analyst (Madrid based),Fever,"Barcelona, Catalonia, Spain",2026-08-31,https://es.linkedin.com/jobs/view/growth-strategy-senior-analyst-madrid-based-at-fever-4459218822
4461157775,Overheads and Brand & Marketing investment Junior Controller,The Magnum Ice Cream Company,Greater Barcelona Metropolitan Area,2026-09-04,https://es.linkedin.com/jobs/view/overheads-and-brand-marketing-investment-junior-controller-at-the-magnum-ice-cream-company-4461157775
4456891136,Strategic Finance Lead — FP&A,bsport,"Barcelona, Catalonia, Spain",2026-08-24,https://es.linkedin.com/jobs/view/strategic-finance-lead-%E2%80%94-fp-a-at-bsport-4456891136
4465717844,Group Leader Motorcycle Accessory Planning,Montesa Honda,"Santa Perpètua de Mogoda, Catalonia, Spain",2026-09-14,https://es.linkedin.com/jobs/view/group-leader-motorcycle-accessory-planning-at-montesa-honda-4465717844
4467749407,Senior Product Analyst,King,"Barcelona, Catalonia, Spain",2026-09-15,https://es.linkedin.com/jobs/view/senior-product-analyst-at-king-4467749407
4443270798,Senior Pricing Specialist,Smith+Nephew,"Esplugues de Llobregat, Catalonia, Spain",2026-09-08,https://es.linkedin.com/jobs/view/senior-pricing-specialist-at-smith%2Bnephew-4443270798
4437403503,Data & BI Manager,h&k | Smart Tech. Human Touch,"Sant Cugat del Vallès, Catalonia, Spain",2026-09-01,https://es.linkedin.com/jobs/view/data-bi-manager-at-h-k-smart-tech-human-touch-4437403503
4455796556,"Inventory Planner – EU Middle Mile Forecasting and Planning, Middle Mile Planning & E2E Forecasting",Amazon,"Barcelona, Catalonia, Spain",2026-09-09,https://es.linkedin.com/jobs/view/inventory-planner-%E2%80%93-eu-middle-mile-forecasting-and-planning-middle-mile-planning-e2e-forecasting-at-amazon-4455796556
4458473750,Data & BI Manager,h&k | Smart Tech. Human Touch,"Barcelona, Catalonia, Spain",2026-08-29,https://es.linkedin.com/jobs/view/data-bi-manager-at-h-k-smart-tech-human-touch-4458473750
4468276470,Head of Finance,Founderz,"Sant Cugat del Vallès, Catalonia, Spain",2026-09-16,https://es.linkedin.com/jobs/view/head-of-finance-at-founderz-4468276470
4439910099,"Senior Data Analyst, DTC (Consumer & Ecommerce Analytics)",Levi Strauss & Co.,"Barcelona, Catalonia, Spain",2026-09-17,https://es.linkedin.com/jobs/view/senior-data-analyst-dtc-consumer-ecommerce-analytics-at-levi-strauss-co-4439910099
4388554889,Principal Product Manager - Pricing and Personalization,Hopper,"Barcelona, Catalonia, Spain",2026-09-10,https://es.linkedin.com/jobs/view/principal-product-manager-pricing-and-personalization-at-hopper-4388554889
4399023397,Dirección financiera (con Francés y Castellano),Hays,"Barcelona, Catalonia, Spain",2026-09-10,https://es.linkedin.com/jobs/view/direcci%C3%B3n-financiera-con-franc%C3%A9s-y-castellano-at-hays-4399023397
4457479835,Gestor/a Administración fondos / Data analytics,VidaCaixa,"Barcelona, Catalonia, Spain",2026-08-25,https://es.linkedin.com/jobs/view/gestor-a-administraci%C3%B3n-fondos-data-analytics-at-vidacaixa-4457479835
4461899432,Analista de Insolvencias,Banco Sabadell,"Barcelona, Catalonia, Spain",2026-09-07,https://es.linkedin.com/jobs/view/analista-de-insolvencias-at-banco-sabadell-4461899432
4456500358,Strategic Finance Lead — FP&A,bsport,Greater Barcelona Metropolitan Area,2026-08-24,https://es.linkedin.com/jobs/view/strategic-finance-lead-%E2%80%94-fp-a-at-bsport-4456500358
4465989080,Controller financiero/a,Taurus Group,"Barcelona, Catalonia, Spain",2026-09-16,https://es.linkedin.com/jobs/view/controller-financiero-a-at-taurus-group-4465989080
4426319807,Financial Analyst,Omnicom Health,"Barcelona, Catalonia, Spain",2026-09-04,https://es.linkedin.com/jobs/view/financial-analyst-at-omnicom-health-4426319807
4465400713,Analytics & CRO Lead,Adsmurai,"Barcelona, Catalonia, Spain",2026-09-12,https://es.linkedin.com/jobs/view/analytics-cro-lead-at-adsmurai-4465400713
4436221792,Demand Planner,Brico Depôt Iberia (Grupo Kingfisher),"El Prat de Llobregat, Catalonia, Spain",2026-09-10,https://es.linkedin.com/jobs/view/demand-planner-at-brico-dep%C3%B4t-iberia-grupo-kingfisher-4436221792
4462999038,FP&A Manager - Kings League,Kings League,"Barcelona, Catalonia, Spain",2026-09-07,https://es.linkedin.com/jobs/view/fp-a-manager-kings-league-at-kings-league-4462999038
4469190938,"Global Pricing & Access Lead, Rare Haematology","Alexion Pharmaceuticals, Inc.","Barcelona, Catalonia, Spain",2026-09-18,https://es.linkedin.com/jobs/view/global-pricing-access-lead-rare-haematology-at-alexion-pharmaceuticals-inc-4469190938
4439901999,Supply Chain Planner,Coty,Greater Barcelona Metropolitan Area,2026-09-17,https://es.linkedin.com/jobs/view/supply-chain-planner-at-coty-4439901999
4450198593,Data & AI Product Manager - Finance,dsm-firmenich,Greater Barcelona Metropolitan Area,2026-09-03,https://es.linkedin.com/jobs/view/data-ai-product-manager-finance-at-dsm-firmenich-4450198593
4465766675,Adjunto/a a Dirección Financiera,Retail Academy,"Barcelona, Catalonia, Spain",2026-09-14,https://es.linkedin.com/jobs/view/adjunto-a-a-direcci%C3%B3n-financiera-at-retail-academy-4465766675
4463472844,Responsable del análisis de los Mercados Financieros (Barcelona o Madrid),Banco Sabadell,Greater Barcelona Metropolitan Area,2026-09-10,https://es.linkedin.com/jobs/view/responsable-del-an%C3%A1lisis-de-los-mercados-financieros-barcelona-o-madrid-at-banco-sabadell-4463472844
4464485750,Business Analyst & Data Management Lead,"Alexion Pharmaceuticals, Inc.","Barcelona, Catalonia, Spain",2026-09-08,https://es.linkedin.com/jobs/view/business-analyst-data-management-lead-at-alexion-pharmaceuticals-inc-4464485750
4465545098,CONTROLLER JUNIOR,SOPREMA Iberia,"Castellbisbal, Catalonia, Spain",2026-09-15,https://es.linkedin.com/jobs/view/controller-junior-at-soprema-iberia-4465545098
4469909836,FP&A Analyst,Factorial,"Barcelona, Catalonia, Spain",2026-09-21,https://es.linkedin.com/jobs/view/fp-a-analyst-at-factorial-4469909836
4442991739,Consultor/a BI,Deloitte,"Barcelona, Catalonia, Spain",2026-09-02,https://es.linkedin.com/jobs/view/consultor-a-bi-at-deloitte-4442991739
4467391480,Senior Data Scientist,Macadam,"Barcelona, Catalonia, Spain",2026-09-21,https://es.linkedin.com/jobs/view/senior-data-scientist-at-macadam-4467391480
4446593499,Data & BI Engineer,IRiS Grupo Tecnológico,"Viladecans, Catalonia, Spain",2026-09-11,https://es.linkedin.com/jobs/view/data-bi-engineer-at-iris-grupo-tecnol%C3%B3gico-4446593499
4455296128,Staff Data Analyst - Compliance,Qonto,"Barcelona, Catalonia, Spain",2026-09-08,https://es.linkedin.com/jobs/view/staff-data-analyst-compliance-at-qonto-4455296128
4437049417,Consultor/a de Sostenibilidad (Data Analytics),EY,"Barcelona, Catalonia, Spain",2026-09-09,https://es.linkedin.com/jobs/view/consultor-a-de-sostenibilidad-data-analytics-at-ey-4437049417
4462162337,Head of Consumer Finance,Impress,"Barcelona, Catalonia, Spain",2026-09-02,https://es.linkedin.com/jobs/view/head-of-consumer-finance-at-impress-4462162337
4462817385,RESPONSABLE FINANCIERO/A,Accesus,"Cornellà de Llobregat, Catalonia, Spain",2026-09-03,https://es.linkedin.com/jobs/view/responsable-financiero-a-at-accesus-4462817385
4456340859,"MM planning sr Program Manager , Middle Mile Forecast snr Program Manager",Amazon,"Barcelona, Catalonia, Spain",2026-09-09,https://es.linkedin.com/jobs/view/mm-planning-sr-program-manager-middle-mile-forecast-snr-program-manager-at-amazon-4456340859
4441186127,R&D Project Controller – Group Projects,SEAT S.A.,"Martorell, Catalonia, Spain",2026-09-19,https://es.linkedin.com/jobs/view/r-d-project-controller-%E2%80%93-group-projects-at-seat-s-a-4441186127
4466257836,Finance Manager - Retail (FMCG) - Barcelona,Michael Page,"Barcelona, Catalonia, Spain",2026-09-17,https://es.linkedin.com/jobs/view/finance-manager-retail-fmcg-barcelona-at-michael-page-4466257836
4451497983,"RGM Manager, Spain",Bacardi,"Barcelona, Catalonia, Spain",2026-09-01,https://es.linkedin.com/jobs/view/rgm-manager-spain-at-bacardi-4451497983
4460977263,Business Controller- FP&A,Headway Executive Search - IESF,"Barcelona, Catalonia, Spain",2026-09-02,https://es.linkedin.com/jobs/view/business-controller-fp-a-at-headway-executive-search-iesf-4460977263
4465982846,Consultor/a BI,Deloitte,Greater Barcelona Metropolitan Area,2026-09-16,https://es.linkedin.com/jobs/view/consultor-a-bi-at-deloitte-4465982846
4458010508,Senior Manager Business Finance,SITA,"Barcelona, Catalonia, Spain",2026-09-18,https://es.linkedin.com/jobs/view/senior-manager-business-finance-at-sita-4458010508
4465764326,Power BI Expert,Giesecke+Devrient,"Sant Joan Despí, Catalonia, Spain",2026-09-14,https://es.linkedin.com/jobs/view/power-bi-expert-at-giesecke%2Bdevrient-4465764326
4462066813,Data Engineer,Holaluz,"Barcelona, Catalonia, Spain",2026-09-01,https://es.linkedin.com/jobs/view/data-engineer-at-holaluz-4462066813
4460601886,Puestos vacantes: Controller Internacional Senior (9920),SEIDOR,"Barcelona, Catalonia, Spain",2026-09-01,https://es.linkedin.com/jobs/view/puestos-vacantes-controller-internacional-senior-9920-at-seidor-4460601886
4457111229,Senior Regional Controller,HARTING Technology Group,"Barcelona, Catalonia, Spain",2026-08-24,https://es.linkedin.com/jobs/view/senior-regional-controller-at-harting-technology-group-4457111229
4437681758,Commercial Finance Team Leader (m/f/d)- Sales Incentives & Gross-to-Net,Eaton,"Barcelona, Catalonia, Spain",2026-09-17,https://es.linkedin.com/jobs/view/commercial-finance-team-leader-m-f-d-sales-incentives-gross-to-net-at-eaton-4437681758
4462853579,Senior Group S&OP Manager,GoodLife Foods,"Granollers, Catalonia, Spain",2026-09-03,https://es.linkedin.com/jobs/view/senior-group-s-op-manager-at-goodlife-foods-4462853579
4448789272,Senior Data Product Owner,Babel Profiles,"Barcelona, Catalonia, Spain",2026-09-04,https://es.linkedin.com/jobs/view/senior-data-product-owner-at-babel-profiles-4448789272
4466529194,Global Health Economics and Outcomes research (HEOR) Lead,Ferrer,"Barcelona, Catalonia, Spain",2026-09-15,https://es.linkedin.com/jobs/view/global-health-economics-and-outcomes-research-heor-lead-at-ferrer-4466529194
4467065646,Data Delivery Data Analyst,Boehringer Ingelheim,"Sant Cugat del Vallès, Catalonia, Spain",2026-09-14,https://es.linkedin.com/jobs/view/data-delivery-data-analyst-at-boehringer-ingelheim-4467065646
4391581800,"Manager, Marketing Planning & Strategy",G2,"Barcelona, Catalonia, Spain",2026-09-16,https://es.linkedin.com/jobs/view/manager-marketing-planning-strategy-at-g2-4391581800
4463812698,"Business Analytics Consulting Manager/Executive Manager - AI, GenAI & Banking",NTT DATA Europe & Latam,"Barcelona, Catalonia, Spain",2026-09-09,https://es.linkedin.com/jobs/view/business-analytics-consulting-manager-executive-manager-ai-genai-banking-at-ntt-data-europe-latam-4463812698
4468601109,Operations & Finance Manager en Zurich Duo (Agencia),Candee,"Barcelona, Catalonia, Spain",2026-09-17,https://es.linkedin.com/jobs/view/operations-finance-manager-en-zurich-duo-agencia-at-candee-4468601109
4452284324,Senior Manager Business Applications - Reporting & Analytics,Siegfried,"Barberà del Vallès, Catalonia, Spain",2026-09-16,https://es.linkedin.com/jobs/view/senior-manager-business-applications-reporting-analytics-at-siegfried-4452284324
4446222914,Business Intelligence Developer,TD SYNNEX Spain,"Barcelona, Catalonia, Spain",2026-09-03,https://es.linkedin.com/jobs/view/business-intelligence-developer-at-td-synnex-spain%E2%80%8B-4446222914
4469886861,Business Segment Lead,Alan,"Barcelona, Catalonia, Spain",2026-09-21,https://es.linkedin.com/jobs/view/business-segment-lead-at-alan-4469886861
4463364803,Financial Analyst,COLIBRIX ONE,"Barcelona, Catalonia, Spain",2026-09-04,https://es.linkedin.com/jobs/view/financial-analyst-at-colibrix-one-4463364803
4419890888,"FINANCE PERFORMANCE MARKETING, EXPERT",MANGO,"Palau-solità i Plegamans, Catalonia, Spain",2026-09-20,https://es.linkedin.com/jobs/view/finance-performance-marketing-expert-at-mango-4419890888
4466799421,Head of Revenue Operations & Systems,Platform Engineering,"Barcelona, Catalonia, Spain",2026-09-13,https://es.linkedin.com/jobs/view/head-of-revenue-operations-systems-at-platform-engineering-4466799421
4466578496,Business Strategy - B2C Operations,Innovamat,"Sant Cugat del Vallès, Catalonia, Spain",2026-09-15,https://es.linkedin.com/jobs/view/business-strategy-b2c-operations-at-innovamat-4466578496
4466869372,Operations and Finance Manager,Zurich Insurance,"Barcelona, Catalonia, Spain",2026-09-16,https://es.linkedin.com/jobs/view/operations-and-finance-manager-at-zurich-insurance-4466869372
4468245190,Controlling Specialist,devicenow,"Barcelona, Catalonia, Spain",2026-09-16,https://es.linkedin.com/jobs/view/controlling-specialist-at-devicenow-4468245190
4455890384,Data Analyst BI Specialist IT - HQ,MediaMarkt España,"El Prat de Llobregat, Catalonia, Spain",2026-09-14,https://es.linkedin.com/jobs/view/data-analyst-bi-specialist-it-hq-at-mediamarkt-espa%C3%B1a-4455890384
4431235938,Data Engineering & Analytics Associate,Metyis,"Barcelona, Catalonia, Spain",2026-09-17,https://es.linkedin.com/jobs/view/data-engineering-analytics-associate-at-metyis-4431235938
4457787322,IT Governance & Business Performance Specialist (m/f/d),Fresenius Kabi,"Barcelona, Catalonia, Spain",2026-08-27,https://es.linkedin.com/jobs/view/it-governance-business-performance-specialist-m-f-d-at-fresenius-kabi-4457787322
4463349245,Senior Group S&OP Manager,GoodLife Foods,Greater Granollers Metropolitan Area,2026-09-04,https://es.linkedin.com/jobs/view/senior-group-s-op-manager-at-goodlife-foods-4463349245
4418344230,Pricing & Access Contracting Head,Novartis,"Barcelona, Catalonia, Spain",2026-09-17,https://es.linkedin.com/jobs/view/pricing-access-contracting-head-at-novartis-4418344230
4469148796,"Senior Manager, Subscription Management - SER",PTC,"Barcelona, Catalonia, Spain",2026-09-18,https://es.linkedin.com/jobs/view/senior-manager-subscription-management-ser-at-ptc-4469148796
4467965665,Flight Analyst,Nuitée,"Barcelona, Catalonia, Spain",2026-09-16,https://es.linkedin.com/jobs/view/flight-analyst-at-nuit%C3%A9e-4467965665
4442890254,"Director, SME, Spain",Airwallex,"Barcelona, Catalonia, Spain",2026-09-09,https://es.linkedin.com/jobs/view/director-sme-spain-at-airwallex-4442890254
4448616945,Senior Product Analyst - Stumble Guys!,Scopely,"Barcelona, Catalonia, Spain",2026-09-15,https://es.linkedin.com/jobs/view/senior-product-analyst-stumble-guys%21-at-scopely-4448616945
4462989143,FP&A Specialist (Fintech / Barcelona),Flanks,"Barcelona, Catalonia, Spain",2026-09-07,https://es.linkedin.com/jobs/view/fp-a-specialist-fintech-barcelona-at-flanks-4462989143
4468464926,Director/A Operacions I Finances,Parc Sanitari Sant Joan de Deu,"Barcelona, Catalonia, Spain",2026-09-20,https://es.linkedin.com/jobs/view/director-a-operacions-i-finances-at-parc-sanitari-sant-joan-de-deu-4468464926
4437681163,Controller área tecnología (Barcelona),Securitas Seguridad España,Greater Barcelona Metropolitan Area,2026-09-07,https://es.linkedin.com/jobs/view/controller-%C3%A1rea-tecnolog%C3%ADa-barcelona-at-securitas-seguridad-espa%C3%B1a-4437681163
4467369660,"Global Earned, Owned & Influence Data Manager - Puig",United Search,Greater Barcelona Metropolitan Area,2026-09-21,https://es.linkedin.com/jobs/view/global-earned-owned-influence-data-manager-puig-at-united-search-4467369660
4458986601,Operations Growth Manager - Demand,Freenow,"Barcelona, Catalonia, Spain",2026-09-19,https://es.linkedin.com/jobs/view/operations-growth-manager-demand-at-freenow-4458986601
4319319350,Senior Analytics Engineer,Preply,"Barcelona, Catalonia, Spain",2026-09-16,https://es.linkedin.com/jobs/view/senior-analytics-engineer-at-preply-4319319350
4405579813,Manager Función Financiera con AI & Data,EY,"Barcelona, Catalonia, Spain",2026-09-04,https://es.linkedin.com/jobs/view/manager-funci%C3%B3n-financiera-con-ai-data-at-ey-4405579813
4457468102,Finance Business Partner,Formel D Group,"Barcelona, Catalonia, Spain",2026-09-21,https://es.linkedin.com/jobs/view/finance-business-partner-at-formel-d-group-4457468102
4455272118,Senior / Staff Data Engineer (BI) – CEG Team,Agoda,"Barcelona, Catalonia, Spain",2026-09-07,https://es.linkedin.com/jobs/view/senior-staff-data-engineer-bi-%E2%80%93-ceg-team-at-agoda-4455272118
4309211507,Consultor/a Senior Actuarial Bcn,KPMG España,"L'Hospitalet de Llobregat, Catalonia, Spain",2026-09-16,https://es.linkedin.com/jobs/view/consultor-a-senior-actuarial-bcn-at-kpmg-espa%C3%B1a-4309211507
4463359815,Head of Finance,Lexidy,"Barcelona, Catalonia, Spain",2026-09-04,https://es.linkedin.com/jobs/view/head-of-finance-at-lexidy-4463359815
4315430606,Consultoría | NJFY27 Junior Artificial Intelligence & Analytics | Septiembre 2026,PwC España,Greater Barcelona Metropolitan Area,2026-09-13,https://es.linkedin.com/jobs/view/consultor%C3%ADa-njfy27-junior-artificial-intelligence-analytics-septiembre-2026-at-pwc-espa%C3%B1a-4315430606
4461199228,EMEA Commercial Incentive Compensation Analyst,Beckman Coulter Diagnostics,"Barcelona, Catalonia, Spain",2026-09-04,https://es.linkedin.com/jobs/view/emea-commercial-incentive-compensation-analyst-at-beckman-coulter-diagnostics-4461199228
4465029442,CORPORATE COST MANAGER,Roca Group,"Barcelona, Catalonia, Spain",2026-09-09,https://es.linkedin.com/jobs/view/corporate-cost-manager-at-roca-group-4465029442
4464480568,Controller Financiero,Adsearch,"Barcelona, Catalonia, Spain",2026-09-08,https://es.linkedin.com/jobs/view/controller-financiero-at-adsearch-4464480568
4465888211,Data Scientist,Gameloft Barcelona,"Barcelona, Catalonia, Spain",2026-09-10,https://es.linkedin.com/jobs/view/data-scientist-at-gameloft-barcelona-4465888211
4467379663,Head of Finance,Auren Personas - Selección & Executive Search,"L'Hospitalet de Llobregat, Catalonia, Spain",2026-09-21,https://es.linkedin.com/jobs/view/head-of-finance-at-auren-personas-selecci%C3%B3n-executive-search-4467379663
4467835406,FINANCIAL PLANNING ANALYST,Vueling Airlines,"Viladecans, Catalonia, Spain",2026-09-18,https://es.linkedin.com/jobs/view/financial-planning-analyst-at-vueling-airlines-4467835406
4468220778,Director/a Operacions i Finances,Campus Docent Sant Joan de Déu,"Sant Boi de Llobregat, Catalonia, Spain",2026-09-17,https://es.linkedin.com/jobs/view/director-a-operacions-i-finances-at-campus-docent-sant-joan-de-d%C3%A9u-4468220778
4415557820,Senior BI Consultant (m/f/d),ClearPeaks,"Barcelona, Catalonia, Spain",2026-09-11,https://es.linkedin.com/jobs/view/senior-bi-consultant-m-f-d-at-clearpeaks-4415557820
4463337439,Gestor de Cuentas con Excel para Slogan,Hanbai.io,"Barcelona, Catalonia, Spain",2026-09-04,https://es.linkedin.com/jobs/view/gestor-de-cuentas-con-excel-para-slogan-at-hanbai-io-4463337439
4460024992,Senior Demand Planner - Global Planning Hub,HARTMANN GROUP,Greater Mataró Metropolitan Area,2026-08-31,https://es.linkedin.com/jobs/view/senior-demand-planner-global-planning-hub-at-hartmann-group-4460024992
4458224094,Finance Analyst,Werfen,Greater Barcelona Metropolitan Area,2026-08-24,https://es.linkedin.com/jobs/view/finance-analyst-at-werfen-4458224094
4465595116,Data Scientist (80% teletrabajo),Oxigent Technologies,"Barcelona, Catalonia, Spain",2026-09-15,https://es.linkedin.com/jobs/view/data-scientist-80%25-teletrabajo-at-oxigent-technologies-4465595116
4467838885,Junior Financial Analyst/Auditor,BETWEEN Group,"Sant Cugat del Vallès, Catalonia, Spain",2026-09-21,https://es.linkedin.com/jobs/view/junior-financial-analyst-auditor-at-between-group-4467838885
4468769329,CRM and Power BI Internship,Volkswagen Group España Distribución,"Barcelona, Catalonia, Spain",2026-09-21,https://es.linkedin.com/jobs/view/crm-and-power-bi-internship-at-volkswagen-group-espa%C3%B1a-distribuci%C3%B3n-4468769329
4462880182,DATA ANALYTICS & REPORTING ANALYST,Grifols,"Sant Cugat del Vallès, Catalonia, Spain",2026-09-03,https://es.linkedin.com/jobs/view/data-analytics-reporting-analyst-at-grifols-4462880182
4465684726,Business Operations Assistant,QforMedia,"Barcelona, Catalonia, Spain",2026-09-10,https://es.linkedin.com/jobs/view/business-operations-assistant-at-qformedia-4465684726
4467613191,Financial Controller,Ravago,Greater Barcelona Metropolitan Area,2026-09-21,https://es.linkedin.com/jobs/view/financial-controller-at-ravago-4467613191
4464742390,Analista BI en BARCELONA,Aubay Spain,"Barcelona, Catalonia, Spain",2026-09-13,https://es.linkedin.com/jobs/view/analista-bi-en-barcelona-at-aubay-spain-4464742390
4464797521,CRM Manager – Salesforce,"Stanley Black & Decker, Inc.","Barcelona, Catalonia, Spain",2026-09-14,https://es.linkedin.com/jobs/view/crm-manager-%E2%80%93-salesforce-at-stanley-black-decker-inc-4464797521
4462787303,Data Scientist / ML Senior,Recodme,"Barcelona, Catalonia, Spain",2026-09-03,https://es.linkedin.com/jobs/view/data-scientist-ml-senior-at-recodme-4462787303
4459307229,Dirección Comercial,HALLIA Partners,Greater Barcelona Metropolitan Area,2026-08-26,https://es.linkedin.com/jobs/view/direcci%C3%B3n-comercial-at-hallia-partners-4459307229
4452228950,Finance Manager,Hays,"Sant Quirze del Vallès, Catalonia, Spain",2026-08-28,https://es.linkedin.com/jobs/view/finance-manager-at-hays-4452228950
4469886859,Senior Revenue Ops,Alan,"Barcelona, Catalonia, Spain",2026-09-21,https://es.linkedin.com/jobs/view/senior-revenue-ops-at-alan-4469886859
4463906313,Business Controller - License and R&D,Neuraxpharm,"Sant Joan Despí, Catalonia, Spain",2026-09-10,https://es.linkedin.com/jobs/view/business-controller-license-and-r-d-at-neuraxpharm-4463906313
4416179873,Sr. Global Nutraceutical Business Manager,The Lubrizol Corporation,"Gavà, Catalonia, Spain",2026-09-06,https://es.linkedin.com/jobs/view/sr-global-nutraceutical-business-manager-at-the-lubrizol-corporation-4416179873
4463069173,Strategic Planner,TD SYNNEX Spain,"Barcelona, Catalonia, Spain",2026-09-09,https://es.linkedin.com/jobs/view/strategic-planner-at-td-synnex-spain%E2%80%8B-4463069173
4441305280,Data Director,Docplanner,"Barcelona, Catalonia, Spain",2026-09-20,https://es.linkedin.com/jobs/view/data-director-at-docplanner-4441305280
4454549926,Senior Data Scientist,MANGO,"Palau-solità i Plegamans, Catalonia, Spain",2026-09-18,https://es.linkedin.com/jobs/view/senior-data-scientist-at-mango-4454549926
4458192533,Quant Engineer: Data Products (Mid-career / Senior),Onthos,"Barcelona, Catalonia, Spain",2026-08-24,https://es.linkedin.com/jobs/view/quant-engineer-data-products-mid-career-senior-at-onthos-4458192533
4462894943,Director/a Financiero/a y Desarrollo Corporativo,SOLID GROUP,"Catalonia, Spain",2026-09-03,https://es.linkedin.com/jobs/view/director-a-financiero-a-y-desarrollo-corporativo-at-solid-group-4462894943
4456921477,Business Growth Analyst (Madrid based),Fever,"Barcelona, Catalonia, Spain",2026-09-16,https://es.linkedin.com/jobs/view/business-growth-analyst-madrid-based-at-fever-4456921477
4459205198,Soporte Vendor Management,ALTEN Spain,"Barcelona, Catalonia, Spain",2026-08-31,https://es.linkedin.com/jobs/view/soporte-vendor-management-at-alten-spain-4459205198
4467192793,Digital Analytics & CRO Specialist,La Salle BCN,"Barcelona, Catalonia, Spain",2026-09-17,https://es.linkedin.com/jobs/view/digital-analytics-cro-specialist-at-la-salle-bcn-4467192793
4460990341,Head of Product & Digital Operations,Trivelta,"Barcelona, Catalonia, Spain",2026-09-02,https://es.linkedin.com/jobs/view/head-of-product-digital-operations-at-trivelta-4460990341
4440775991,Senior Manager Revenue Operations & Systems,Preply,"Barcelona, Catalonia, Spain",2026-09-20,https://es.linkedin.com/jobs/view/senior-manager-revenue-operations-systems-at-preply-4440775991
4469870736,Finance partner - Transformation Office,Fluidra,"Sant Cugat del Vallès, Catalonia, Spain",2026-09-21,https://es.linkedin.com/jobs/view/finance-partner-transformation-office-at-fluidra-4469870736
4415209771,TA Access Strategy Head,Novartis,"Barcelona, Catalonia, Spain",2026-09-10,https://es.linkedin.com/jobs/view/ta-access-strategy-head-at-novartis-4415209771
4456715720,IT Manager Business Intelligence and Data Platforms,Arxada,"Barcelona, Catalonia, Spain",2026-09-10,https://es.linkedin.com/jobs/view/it-manager-business-intelligence-and-data-platforms-at-arxada-4456715720
4467868323,Analista SAP Business One y BI,ALIER,"Barcelona, Catalonia, Spain",2026-09-18,https://es.linkedin.com/jobs/view/analista-sap-business-one-y-bi-at-alier-4467868323
4462978041,Data Scientist,SCRM - Lidl International Hub,"Barcelona, Catalonia, Spain",2026-09-07,https://es.linkedin.com/jobs/view/data-scientist-at-scrm-lidl-international-hub-4462978041
4464797325,ANALISTA BI,Aubay Spain,"Barcelona, Catalonia, Spain",2026-09-14,https://es.linkedin.com/jobs/view/analista-bi-at-aubay-spain-4464797325
4467233203,Junior Power Trader – Renewable Energy & Market Operations,Duferco Iberia,Greater Barcelona Metropolitan Area,2026-09-14,https://es.linkedin.com/jobs/view/junior-power-trader-%E2%80%93-renewable-energy-market-operations-at-duferco-iberia-4467233203
4465564498,Analyst - Market Strategy,Scopely,"Barcelona, Catalonia, Spain",2026-09-15,https://es.linkedin.com/jobs/view/analyst-market-strategy-at-scopely-4465564498
4462151800,ESG- Financial Reporting Controller,Werfen,"Barcelona, Catalonia, Spain",2026-09-02,https://es.linkedin.com/jobs/view/esg-financial-reporting-controller-at-werfen-4462151800
4461595628,FINANCE BUSINESS PARTNER,Paul Marlex,"Alt Penedès, Catalonia, Spain",2026-09-01,https://es.linkedin.com/jobs/view/finance-business-partner-at-paul-marlex-4461595628
4446838136,Functional Enablement Manager (m/f/d),Allianz Services,"Barcelona, Catalonia, Spain",2026-09-15,https://es.linkedin.com/jobs/view/functional-enablement-manager-m-f-d-at-allianz-services-4446838136
4445002859,Controller de gestion de bonificaciones y acuerdos comerciales,MediaMarkt España,"El Prat de Llobregat, Catalonia, Spain",2026-09-01,https://es.linkedin.com/jobs/view/controller-de-gestion-de-bonificaciones-y-acuerdos-comerciales-at-mediamarkt-espa%C3%B1a-4445002859
4440696250,CONTABLE SENIOR - FP&A,RAS España,"Igualada, Catalonia, Spain",2026-09-21,https://es.linkedin.com/jobs/view/contable-senior-fp-a-at-ras-espa%C3%B1a-4440696250
4462783825,Controller,Cimbali Group,"Barcelona, Catalonia, Spain",2026-09-03,https://es.linkedin.com/jobs/view/controller-at-cimbali-group-4462783825
4459782435,Senior Consultant - Evidence Synthesis (Health Economics) - United Kingdom/European Union,IQVIA,"Barcelona, Catalonia, Spain",2026-08-31,https://es.linkedin.com/jobs/view/senior-consultant-evidence-synthesis-health-economics-united-kingdom-european-union-at-iqvia-4459782435
4461077028,FP & A Specialist (m/f/d),Motherson Group,"Barcelona, Catalonia, Spain",2026-08-31,https://es.linkedin.com/jobs/view/fp-a-specialist-m-f-d-at-motherson-group-4461077028
4455883645,Directeur administratif et financier/Directrice administrative et financière,TalHunt,"Barcelona, Catalonia, Spain",2026-08-24,https://es.linkedin.com/jobs/view/directeur-administratif-et-financier-directrice-administrative-et-financi%C3%A8re-at-talhunt-4455883645
4460328975,Cost Controller,EBRO,"Barcelona, Catalonia, Spain",2026-09-09,https://es.linkedin.com/jobs/view/cost-controller-at-ebro-4460328975
4441972546,Financial Controller (with french),VISEO IBERIA,"Barcelona, Catalonia, Spain",2026-09-20,https://es.linkedin.com/jobs/view/financial-controller-with-french-at-viseo-iberia-4441972546
4463361876,Finance Analyst,Cledara,"Barcelona, Catalonia, Spain",2026-09-04,https://es.linkedin.com/jobs/view/finance-analyst-at-cledara-4463361876
4464628535,Data & Customer Assurance Engineer,BETWEEN Group,"Sant Cugat del Vallès, Catalonia, Spain",2026-09-08,https://es.linkedin.com/jobs/view/data-customer-assurance-engineer-at-between-group-4464628535
4460325920,Associate Director-Biostatistics,RTI Health Solutions,"Barcelona, Catalonia, Spain",2026-09-18,https://es.linkedin.com/jobs/view/associate-director-biostatistics-at-rti-health-solutions-4460325920
4457965181,"Senior Performance Analyst- Customer, Rider, Partner Experience [Customer Service]",Glovo,"Barcelona, Catalonia, Spain",2026-09-17,https://es.linkedin.com/jobs/view/senior-performance-analyst-customer-rider-partner-experience-customer-service-at-glovo-4457965181
4466290507,Auditor Junior,Empresa Confidencial,Greater Barcelona Metropolitan Area,2026-09-17,https://es.linkedin.com/jobs/view/auditor-junior-at-empresa-confidencial-4466290507
4463800096,Transformation Performance & Finance Business Partner,Vueling Airlines,"Viladecans, Catalonia, Spain",2026-09-09,https://es.linkedin.com/jobs/view/transformation-performance-finance-business-partner-at-vueling-airlines-4463800096
4466195695,GESTOR/A DE LA OFICINA DE PLANES DE RECUPERACIÓN Y RESOLUCIÓN (BCN/MAD),CaixaBank,"Barcelona, Catalonia, Spain",2026-09-15,https://es.linkedin.com/jobs/view/gestor-a-de-la-oficina-de-planes-de-recuperaci%C3%B3n-y-resoluci%C3%B3n-bcn-mad-at-caixabank-4466195695
4459755359,Predoctoral Researcher On Financial Inclusion,EMBA La Salle,"Barcelona, Catalonia, Spain",2026-08-30,https://es.linkedin.com/jobs/view/predoctoral-researcher-on-financial-inclusion-at-emba-la-salle-4459755359
4469530343,Manager HEVA BP Support,Sanofi,"Barcelona, Catalonia, Spain",2026-09-19,https://es.linkedin.com/jobs/view/manager-heva-bp-support-at-sanofi-4469530343
4460731334,Enginyer de dades àrea acompanyament i orientació a l’estudiant,Universitat Oberta de Catalunya,"Barcelona, Catalonia, Spain",2026-09-03,https://es.linkedin.com/jobs/view/enginyer-de-dades-%C3%A0rea-acompanyament-i-orientaci%C3%B3-a-l%E2%80%99estudiant-at-universitat-oberta-de-catalunya-4460731334
4454914001,Conusltoría | Senior Associate - IA & Analytics Barcelona,PwC España,"Barcelona, Catalonia, Spain",2026-09-09,https://es.linkedin.com/jobs/view/conusltor%C3%ADa-senior-associate-ia-analytics-barcelona-at-pwc-espa%C3%B1a-4454914001
4468612793,Business Controller,SonoSuite,"Barcelona, Catalonia, Spain",2026-09-17,https://es.linkedin.com/jobs/view/business-controller-at-sonosuite-4468612793
4468626599,Data Engineer,Minsait,Greater Barcelona Metropolitan Area,2026-09-17,https://es.linkedin.com/jobs/view/data-engineer-at-minsait-4468626599
4461727012,Strategy & Operations Consultant – Life Sciences Sector,BIP Spain,"Barcelona, Catalonia, Spain",2026-09-01,https://es.linkedin.com/jobs/view/strategy-operations-consultant-%E2%80%93-life-sciences-sector-at-bip-spain-4461727012
4465506422,Data Analyst – Oferta promovida para personas con discapacidad,SDG Group España,"Barcelona, Catalonia, Spain",2026-09-15,https://es.linkedin.com/jobs/view/data-analyst-%E2%80%93-oferta-promovida-para-personas-con-discapacidad-at-sdg-group-espa%C3%B1a-4465506422
4466670200,Controller financier,GCTPLUS ETT,"Rubí, Catalonia, Spain",2026-09-18,https://es.linkedin.com/jobs/view/controller-financier-at-gctplus-ett-4466670200
4463015119,Global IT & Data Product Owner,Iwantic,"Barcelona, Catalonia, Spain",2026-09-09,https://es.linkedin.com/jobs/view/global-it-data-product-owner-at-iwantic-4463015119
4414337763,"Apprentice Business Continuity, Risk Management",dsm-firmenich,Greater Barcelona Metropolitan Area,2026-09-08,https://es.linkedin.com/jobs/view/apprentice-business-continuity-risk-management-at-dsm-firmenich-4414337763
4459197468,Head of Customer Success,Cofidis España,"Cornellà de Llobregat, Catalonia, Spain",2026-08-26,https://es.linkedin.com/jobs/view/head-of-customer-success-at-cofidis-espa%C3%B1a-4459197468
4461724521,Entry-Level Strategy & Operations Consultant – Life Sciences Sector,BIP Spain,"Barcelona, Catalonia, Spain",2026-09-01,https://es.linkedin.com/jobs/view/entry-level-strategy-operations-consultant-%E2%80%93-life-sciences-sector-at-bip-spain-4461724521
4467891631,Graduate data scientist,Bending Spoons,"Barcelona, Catalonia, Spain",2026-09-18,https://es.linkedin.com/jobs/view/graduate-data-scientist-at-bending-spoons-4467891631
4442617102,Associate Business Consultant - Life Sciences Analytics,Veeva Systems,"Barcelona, Catalonia, Spain",2026-09-02,https://es.linkedin.com/jobs/view/associate-business-consultant-life-sciences-analytics-at-veeva-systems-4442617102
4461109829,CRM Administrator (m/f/d) + Business Analyst (CRM knowledge base),Hager España,"la Roca del Vallès, Catalonia, Spain",2026-09-04,https://es.linkedin.com/jobs/view/crm-administrator-m-f-d-%2B-business-analyst-crm-knowledge-base-at-hager-espa%C3%B1a-4461109829
4422973472,Senior Development Engineer/ Mathematician/ Data Analyst,Roche,"Sant Cugat del Vallès, Catalonia, Spain",2026-09-19,https://es.linkedin.com/jobs/view/senior-development-engineer-mathematician-data-analyst-at-roche-4422973472
4425828737,"Senior Manager, AI, Decision Science & Statistics",The Lubrizol Corporation,"Gavà, Catalonia, Spain",2026-09-02,https://es.linkedin.com/jobs/view/senior-manager-ai-decision-science-statistics-at-the-lubrizol-corporation-4425828737
4434461149,CX Manager of Enterprise Account Management Spanish Market,Factorial,"Barcelona, Catalonia, Spain",2026-09-02,https://es.linkedin.com/jobs/view/cx-manager-of-enterprise-account-management-spanish-market-at-factorial-4434461149
4451510791,Senior Analytics Engineer,Socialpoint,"Barcelona, Catalonia, Spain",2026-09-01,https://es.linkedin.com/jobs/view/senior-analytics-engineer-at-socialpoint-4451510791
4467092924,Manager A&P COE,Bacardi,"Barcelona, Catalonia, Spain",2026-09-14,https://es.linkedin.com/jobs/view/manager-a-p-coe-at-bacardi-4467092924
4461164273,ESPECIALISTA DATA & ANALYTICS (Power BI) i MICROSOFT 365,FRIGORIFICS FERRER S. A.U.,"Vic, Catalonia, Spain",2026-09-04,https://es.linkedin.com/jobs/view/especialista-data-analytics-power-bi-i-microsoft-365-at-frigorifics-ferrer-s-a-u-4461164273
4449758304,Analytics Engineer,Qualifyze,"Barcelona, Catalonia, Spain",2026-09-04,https://es.linkedin.com/jobs/view/analytics-engineer-at-qualifyze-4449758304
4462683611,Senior Data Engineer – BI & Analytics,Infotel,Greater Barcelona Metropolitan Area,2026-09-15,https://es.linkedin.com/jobs/view/senior-data-engineer-%E2%80%93-bi-analytics-at-infotel-4462683611
4462296818,Senior Digital Marketing Strategist,CELO,"Castellar del Vallès, Catalonia, Spain",2026-09-08,https://es.linkedin.com/jobs/view/senior-digital-marketing-strategist-at-celo-4462296818
4467242190,Data Engineer (m/f/d),Allianz Services,"Barcelona, Catalonia, Spain",2026-09-14,https://es.linkedin.com/jobs/view/data-engineer-m-f-d-at-allianz-services-4467242190
4463477443,Head of Finance,Exoticca,"Barcelona, Catalonia, Spain",2026-09-10,https://es.linkedin.com/jobs/view/head-of-finance-at-exoticca-4463477443
4460325986,Associate Director-Biostatistics,RTI International,"Barcelona, Catalonia, Spain",2026-09-18,https://es.linkedin.com/jobs/view/associate-director-biostatistics-at-rti-international-4460325986
4430431620,International Business Manager - (Hybrid),eDreams ODIGEO,"Barcelona, Catalonia, Spain",2026-09-12,https://es.linkedin.com/jobs/view/international-business-manager-hybrid-at-edreams-odigeo-4430431620
4337102664,Senior Product Manager (Liveops),Socialpoint,"Barcelona, Catalonia, Spain",2026-09-19,https://es.linkedin.com/jobs/view/senior-product-manager-liveops-at-socialpoint-4337102664
4459514224,Yield & Programmatic Partner,Wallapop,"Barcelona, Catalonia, Spain",2026-09-01,https://es.linkedin.com/jobs/view/yield-programmatic-partner-at-wallapop-4459514224
4457259038,Assistant Finance Manager - Kimpton Vividora Barcelona,IHG Hotels & Resorts,"Barcelona, Catalonia, Spain",2026-08-26,https://es.linkedin.com/jobs/view/assistant-finance-manager-kimpton-vividora-barcelona-at-ihg-hotels-resorts-4457259038
4468653063,Finance Manager,Paul Marlex,"Vallès Occidental, Catalonia, Spain",2026-09-17,https://es.linkedin.com/jobs/view/finance-manager-at-paul-marlex-4468653063
4436366490,"Principal Data Scientist, Generative Recommendations & AI- Spain Remote",VistaPrint,"Barcelona, Catalonia, Spain",2026-09-05,https://es.linkedin.com/jobs/view/principal-data-scientist-generative-recommendations-ai-spain-remote-at-vistaprint-4436366490
4467869479,Head of Direct Sales & Service,STILL,"L'Hospitalet de Llobregat, Catalonia, Spain",2026-09-18,https://es.linkedin.com/jobs/view/head-of-direct-sales-service-at-still-4467869479
4468619567,Commercial Service Manager,Allianz Technology,"Barcelona, Catalonia, Spain",2026-09-17,https://es.linkedin.com/jobs/view/commercial-service-manager-at-allianz-technology-4468619567
4466685030,Global Head of Consumer Data,Puig,"Barcelona, Catalonia, Spain",2026-09-18,https://es.linkedin.com/jobs/view/global-head-of-consumer-data-at-puig-4466685030
4467864488,Finance Analyst On Demand,Glovo,"Barcelona, Catalonia, Spain",2026-09-18,https://es.linkedin.com/jobs/view/finance-analyst-on-demand-at-glovo-4467864488
4390273500,Senior Data Strategist,Publicis Groupe España,"Barcelona, Catalonia, Spain",2026-09-12,https://es.linkedin.com/jobs/view/senior-data-strategist-at-publicis-groupe-espa%C3%B1a-4390273500
4456749781,Strategy & Operations Associate - Subscriptions,N26,"Barcelona, Catalonia, Spain",2026-09-17,https://es.linkedin.com/jobs/view/strategy-operations-associate-subscriptions-at-n26-4456749781
4466901497,Data Scientist for Machine Learning Team,Smadex,"Barcelona, Catalonia, Spain",2026-09-18,https://es.linkedin.com/jobs/view/data-scientist-for-machine-learning-team-at-smadex-4466901497
4467212361,GPC Service Performance Lead,Roche,"Sant Cugat del Vallès, Catalonia, Spain",2026-09-14,https://es.linkedin.com/jobs/view/gpc-service-performance-lead-at-roche-4467212361
4465684536,Controller Financiero/a Junior | Finanzas & Tecnología,Clorian Ticketing,Greater Barcelona Metropolitan Area,2026-09-10,https://es.linkedin.com/jobs/view/controller-financiero-a-junior-finanzas-tecnolog%C3%ADa-at-clorian-ticketing-4465684536
4464483312,Team Lead Network Supply Planning,Henkel,"Barcelona, Catalonia, Spain",2026-09-08,https://es.linkedin.com/jobs/view/team-lead-network-supply-planning-at-henkel-4464483312
4460606517,"DIRECTOR, DERMAHEALTH FRANCHISE",Almirall,"Barcelona, Catalonia, Spain",2026-09-01,https://es.linkedin.com/jobs/view/director-dermahealth-franchise-at-almirall-4460606517
4467501496,Senior Digital Marketing Strategist,CELO,"Castellar del Vallès, Catalonia, Spain",2026-09-17,https://es.linkedin.com/jobs/view/senior-digital-marketing-strategist-at-celo-4467501496
4443167422,Insights Analyst,Publicis Groupe España,"Barcelona, Catalonia, Spain",2026-09-04,https://es.linkedin.com/jobs/view/insights-analyst-at-publicis-groupe-espa%C3%B1a-4443167422
4436537696,"Field Asset Specialist, International",Smith+Nephew,"Esplugues de Llobregat, Catalonia, Spain",2026-09-10,https://es.linkedin.com/jobs/view/field-asset-specialist-international-at-smith%2Bnephew-4436537696
4460979857,Demand Planner,HARTING Technology Group,"Barcelona, Catalonia, Spain",2026-09-02,https://es.linkedin.com/jobs/view/demand-planner-at-harting-technology-group-4460979857
4468397662,Tècnic/a Especialista Administració i Finances (Junior),Fira Barcelona,"Barcelona, Catalonia, Spain",2026-09-17,https://es.linkedin.com/jobs/view/t%C3%A8cnic-a-especialista-administraci%C3%B3-i-finances-junior-at-fira-barcelona-4468397662
4464512338,Change Management & Analytics Lead,IQVIA,"Barcelona, Catalonia, Spain",2026-09-10,https://es.linkedin.com/jobs/view/change-management-analytics-lead-at-iqvia-4464512338
4337090992,Senior Product Manager (Liveops),Zynga,"Barcelona, Catalonia, Spain",2026-09-10,https://es.linkedin.com/jobs/view/senior-product-manager-liveops-at-zynga-4337090992
4455852385,Adjunto/a Responsable Finanzas,Claire Joster,"L'Hospitalet de Llobregat, Catalonia, Spain",2026-09-21,https://es.linkedin.com/jobs/view/adjunto-a-responsable-finanzas-at-claire-joster-4455852385
4441177493,Business Development Manager - Ecomm - (Mass),Revlon,"Cornellà de Llobregat, Catalonia, Spain",2026-09-19,https://es.linkedin.com/jobs/view/business-development-manager-ecomm-mass-at-revlon-4441177493
4424574066,Strategy & Execution Associate (Energy & Utilities),Metyis,"Barcelona, Catalonia, Spain",2026-09-21,https://es.linkedin.com/jobs/view/strategy-execution-associate-energy-utilities-at-metyis-4424574066
4463968676,Data Science Expert- Technology Consulting,INVENSITY,"Barcelona, Catalonia, Spain",2026-09-11,https://es.linkedin.com/jobs/view/data-science-expert-technology-consulting-at-invensity-4463968676
4469175934,Senior Data Scientist,team.blue,"Barcelona, Catalonia, Spain",2026-09-18,https://es.linkedin.com/jobs/view/senior-data-scientist-at-team-blue-4469175934
4459209483,Data Engineer / Analytics Engineer (Power BI + Databricks),K-LAGAN,"Barcelona, Catalonia, Spain",2026-08-31,https://es.linkedin.com/jobs/view/data-engineer-analytics-engineer-power-bi-%2B-databricks-at-k-lagan-4459209483
4392948757,Senior ERP Product Owner - Oracle Fusion,Criteo,"Barcelona, Catalonia, Spain",2026-09-19,https://es.linkedin.com/jobs/view/senior-erp-product-owner-oracle-fusion-at-criteo-4392948757
4466990537,"Applied Scientist, SCOT FO - SnT",Amazon Science,"Barcelona, Catalonia, Spain",2026-09-19,https://es.linkedin.com/jobs/view/applied-scientist-scot-fo-snt-at-amazon-science-4466990537
4466512382,Market Manager (Product Manager),Kingfisher plc,"El Prat de Llobregat, Catalonia, Spain",2026-09-15,https://es.linkedin.com/jobs/view/market-manager-product-manager-at-kingfisher-plc-4466512382
4468574537,Commercial Controller,LHH,"Sabadell, Catalonia, Spain",2026-09-22,https://es.linkedin.com/jobs/view/commercial-controller-at-lhh-4468574537
